Team,Seed,Date,PTS,Opp,Opp_Seed,Result,Round,Region,MP_team,FG_team,FGA_team,FG%_team,x2P_team,x2PA_team,x2P_perc_team,x3P_team,x3PA_team,x3P_perc_team,FT_team,FTA_team,FT_perc_team,PTS_team,FG_opp,FGA_opp,FG_perc_opp,x2P_opp,x2PA_opp,x2P_per_opp,x3P_opp,x3PA_opp,x3P_perc_opp,FT_opp,FTA_opp,FT_perc_opp,PTS_opp
Florida,1,2025-04-07 NCAA,65,Houston,1,W 65-63,National Final,West,200,21,53,0.396,15,29,0.517,6,24,0.25,17,21,0.81,65,24,69,0.348,18,44,0.409,6,25,0.24,9,14,0.643,63
Houston,1,2025-04-07 NCAA,63,Florida,1,L 63-65,National Final,Midwest,200,24,69,0.348,18,44,0.409,6,25,0.24,9,14,0.643,63,21,53,0.396,15,29,0.517,6,24,0.25,17,21,0.81,65
Florida,1,2025-04-05 NCAA,79,Auburn,1,W 79-73,National Semi,West,200,25,53,0.472,17,32,0.531,8,21,0.381,21,30,0.7,79,25,57,0.439,18,32,0.563,7,25,0.28,16,23,0.696,73
Auburn,1,2025-04-05 NCAA,73,Florida,1,L 73-79,National Semi,South,200,25,57,0.439,18,32,0.563,7,25,0.28,16,23,0.696,73,25,53,0.472,17,32,0.531,8,21,0.381,21,30,0.7,79
Houston,1,2025-04-05 NCAA,70,Duke,1,W 70-67,National Semi,Midwest,200,23,61,0.377,13,39,0.333,10,22,0.455,14,18,0.778,70,21,53,0.396,14,36,0.389,7,17,0.412,18,23,0.783,67
Duke,1,2025-04-05 NCAA,67,Houston,1,L 67-70,National Semi,East,200,21,53,0.396,14,36,0.389,7,17,0.412,18,23,0.783,67,23,61,0.377,13,39,0.333,10,22,0.455,14,18,0.778,70
UConn,1,2024-04-08 NCAA,75,Purdue,1,W 75-60,National Final,East,200,30,62,0.484,24,40,0.6,6,22,0.273,9,11,0.818,75,24,54,0.444,23,47,0.489,1,7,0.143,11,15,0.733,60
Purdue,1,2024-04-08 NCAA,60,UConn,1,L 60-75,National Final,Midwest,200,24,54,0.444,23,47,0.489,1,7,0.143,11,15,0.733,60,30,62,0.484,24,40,0.6,6,22,0.273,9,11,0.818,75
UConn,1,2024-04-06 NCAA,86,Alabama,4,W 86-72,National Semi,East,200,31,62,0.5,21,37,0.568,10,25,0.4,14,18,0.778,86,26,58,0.448,15,35,0.429,11,23,0.478,9,11,0.818,72
Alabama,4,2024-04-06 NCAA,72,UConn,1,L 72-86,National Semi,West,200,26,58,0.448,15,35,0.429,11,23,0.478,9,11,0.818,72,31,62,0.5,21,37,0.568,10,25,0.4,14,18,0.778,86
Purdue,1,2024-04-06 NCAA,63,NC State,11,W 63-50,National Semi,Midwest,200,22,55,0.4,12,30,0.4,10,25,0.4,9,10,0.9,63,21,57,0.368,16,38,0.421,5,19,0.263,3,4,0.75,50
NC State,11,2024-04-06 NCAA,50,Purdue,1,L 50-63,National Semi,South,200,21,57,0.368,16,38,0.421,5,19,0.263,3,4,0.75,50,22,55,0.4,12,30,0.4,10,25,0.4,9,10,0.9,63
UConn,4,2023-04-03 NCAA,76,San Diego State,5,W 76-59,National Final,West,200,23,53,0.434,17,36,0.472,6,17,0.353,24,27,0.889,76,19,59,0.322,13,36,0.361,6,23,0.261,15,20,0.75,59
San Diego State,5,2023-04-03 NCAA,59,UConn,4,L 59-76,National Final,South,200,19,59,0.322,13,36,0.361,6,23,0.261,15,20,0.75,59,23,53,0.434,17,36,0.472,6,17,0.353,24,27,0.889,76
UConn,4,2023-04-01 NCAA,72,Miami (FL),5,W 72-59,National Semi,West,200,28,57,0.491,19,31,0.613,9,26,0.346,7,13,0.538,72,20,62,0.323,13,42,0.31,7,20,0.35,12,12,1,59
San Diego State,5,2023-04-01 NCAA,72,Florida Atlantic,9,W 72-71,National Semi,South,200,25,57,0.439,16,39,0.41,9,18,0.5,13,22,0.591,72,23,52,0.442,14,30,0.467,9,22,0.409,16,21,0.762,71
Florida Atlantic,9,2023-04-01 NCAA,71,San Diego State,5,L 71-72,National Semi,East,200,23,52,0.442,14,30,0.467,9,22,0.409,16,21,0.762,71,25,57,0.439,16,39,0.41,9,18,0.5,13,22,0.591,72
Miami (FL),5,2023-04-01 NCAA,59,UConn,4,L 59-72,National Semi,Midwest,200,20,62,0.323,13,42,0.31,7,20,0.35,12,12,1,59,28,57,0.491,19,31,0.613,9,26,0.346,7,13,0.538,72
Kansas,1,2022-04-04 NCAA,72,North Carolina,8,W 72-69,National Final,Midwest,200,29,66,0.439,23,49,0.469,6,17,0.353,8,14,0.571,72,23,73,0.315,18,50,0.36,5,23,0.217,18,22,0.818,69
North Carolina,8,2022-04-04 NCAA,69,Kansas,1,L 69-72,National Final,East,200,23,73,0.315,18,50,0.36,5,23,0.217,18,22,0.818,69,29,66,0.439,23,49,0.469,6,17,0.353,8,14,0.571,72
Kansas,1,2022-04-02 NCAA,81,Villanova,2,W 81-65,National Semi,Midwest,200,29,54,0.537,16,30,0.533,13,24,0.542,10,13,0.769,81,22,57,0.386,9,26,0.346,13,31,0.419,8,10,0.8,65
North Carolina,8,2022-04-02 NCAA,81,Duke,2,W 81-77,National Semi,East,200,27,64,0.422,17,38,0.447,10,26,0.385,17,24,0.708,81,30,72,0.417,25,50,0.5,5,22,0.227,12,20,0.6,77
Duke,2,2022-04-02 NCAA,77,North Carolina,8,L 77-81,National Semi,West,200,30,72,0.417,25,50,0.5,5,22,0.227,12,20,0.6,77,27,64,0.422,17,38,0.447,10,26,0.385,17,24,0.708,81
Villanova,2,2022-04-02 NCAA,65,Kansas,1,L 65-81,National Semi,South,200,22,57,0.386,9,26,0.346,13,31,0.419,8,10,0.8,65,29,54,0.537,16,30,0.533,13,24,0.542,10,13,0.769,81
Baylor,1,2021-04-05 NCAA,86,Gonzaga,1,W 86-70,National Final,South,200,30,67,0.448,20,44,0.455,10,23,0.435,16,18,0.889,86,25,49,0.51,20,32,0.625,5,17,0.294,15,21,0.714,70
Gonzaga,1,2021-04-05 NCAA,70,Baylor,1,L 70-86,National Final,West,200,25,49,0.51,20,32,0.625,5,17,0.294,15,21,0.714,70,30,67,0.448,20,44,0.455,10,23,0.435,16,18,0.889,86
Gonzaga,1,2021-04-03 NCAA,93,UCLA,11,W 93-90 (OT),National Semi,West,225,37,63,0.587,30,42,0.714,7,21,0.333,12,20,0.6,93,34,59,0.576,26,42,0.619,8,17,0.471,14,21,0.667,90
UCLA,11,2021-04-03 NCAA,90,Gonzaga,1,L 90-93 (OT),National Semi,East,225,34,59,0.576,26,42,0.619,8,17,0.471,14,21,0.667,90,37,63,0.587,30,42,0.714,7,21,0.333,12,20,0.6,93
Baylor,1,2021-04-03 NCAA,78,Houston,2,W 78-59,National Semi,South,200,29,55,0.527,18,31,0.581,11,24,0.458,9,13,0.692,78,21,55,0.382,15,36,0.417,6,19,0.316,11,16,0.688,59
Houston,2,2021-04-03 NCAA,59,Baylor,1,L 59-78,National Semi,Midwest,200,21,55,0.382,15,36,0.417,6,19,0.316,11,16,0.688,59,29,55,0.527,18,31,0.581,11,24,0.458,9,13,0.692,78
Virginia,1,2019-04-08 NCAA,85,Texas Tech,3,W 85-77 (OT),National Final,South,225,27,59,0.458,16,35,0.457,11,24,0.458,20,23,0.87,85,27,63,0.429,17,33,0.515,10,30,0.333,13,15,0.867,77
Texas Tech,3,2019-04-08 NCAA,77,Virginia,1,L 77-85 (OT),National Final,West,225,27,63,0.429,17,33,0.515,10,30,0.333,13,15,0.867,77,27,59,0.458,16,35,0.457,11,24,0.458,20,23,0.87,85
Virginia,1,2019-04-06 NCAA,63,Auburn,5,W 63-62,National Semi,South,200,25,51,0.49,18,32,0.563,7,19,0.368,6,12,0.5,63,21,55,0.382,12,24,0.5,9,31,0.29,11,14,0.786,62
Auburn,5,2019-04-06 NCAA,62,Virginia,1,L 62-63,National Semi,Midwest,200,21,55,0.382,12,24,0.5,9,31,0.29,11,14,0.786,62,25,51,0.49,18,32,0.563,7,19,0.368,6,12,0.5,63
Texas Tech,3,2019-04-06 NCAA,61,Michigan State,2,W 61-51,National Semi,West,202,22,51,0.431,13,28,0.464,9,23,0.391,8,13,0.615,61,15,47,0.319,8,23,0.348,7,24,0.292,14,18,0.778,51
Michigan State,2,2019-04-06 NCAA,51,Texas Tech,3,L 51-61,National Semi,East,200,15,47,0.319,8,23,0.348,7,24,0.292,14,18,0.778,51,22,51,0.431,13,28,0.464,9,23,0.391,8,13,0.615,61
Villanova,1,2018-04-02 NCAA,79,Michigan,3,W 79-62,National Final,East,200,27,57,0.474,17,30,0.567,10,27,0.37,15,20,0.75,79,24,55,0.436,21,32,0.656,3,23,0.13,11,18,0.611,62
Michigan,3,2018-04-02 NCAA,62,Villanova,1,L 62-79,National Final,West,200,24,55,0.436,21,32,0.656,3,23,0.13,11,18,0.611,62,27,57,0.474,17,30,0.567,10,27,0.37,15,20,0.75,79
Villanova,1,2018-03-31 NCAA,95,Kansas,1,W 95-79,National Semi,East,200,36,65,0.554,18,25,0.72,18,40,0.45,5,7,0.714,95,28,62,0.452,21,41,0.512,7,21,0.333,16,20,0.8,79
Kansas,1,2018-03-31 NCAA,79,Villanova,1,L 79-95,National Semi,Midwest,200,28,62,0.452,21,41,0.512,7,21,0.333,16,20,0.8,79,36,65,0.554,18,25,0.72,18,40,0.45,5,7,0.714,95
Michigan,3,2018-03-31 NCAA,69,Loyola (IL),11,W 69-57,National Semi,West,200,25,59,0.424,18,31,0.581,7,28,0.25,12,18,0.667,69,22,51,0.431,21,41,0.512,1,10,0.1,12,14,0.857,57
Loyola (IL),11,2018-03-31 NCAA,57,Michigan,3,L 57-69,National Semi,South,200,22,51,0.431,21,41,0.512,1,10,0.1,12,14,0.857,57,25,59,0.424,18,31,0.581,7,28,0.25,12,18,0.667,69
North Carolina,1,2017-04-03 NCAA,71,Gonzaga,1,W 71-65,National Final,South,200,26,73,0.356,22,46,0.478,4,27,0.148,15,26,0.577,71,20,59,0.339,12,40,0.3,8,19,0.421,17,26,0.654,65
Gonzaga,1,2017-04-03 NCAA,65,North Carolina,1,L 65-71,National Final,West,200,20,59,0.339,12,40,0.3,8,19,0.421,17,26,0.654,65,26,73,0.356,22,46,0.478,4,27,0.148,15,26,0.577,71
Gonzaga,1,2017-04-01 NCAA,77,South Carolina,7,W 77-73,National Semi,West,200,29,60,0.483,20,41,0.488,9,19,0.474,10,13,0.769,77,25,66,0.379,18,46,0.391,7,20,0.35,16,22,0.727,73
North Carolina,1,2017-04-01 NCAA,77,Oregon,3,W 77-76,National Semi,South,200,25,68,0.368,17,47,0.362,8,21,0.381,19,27,0.704,77,22,58,0.379,15,32,0.469,7,26,0.269,25,28,0.893,76
Oregon,3,2017-04-01 NCAA,76,North Carolina,1,L 76-77,National Semi,Midwest,200,22,58,0.379,15,32,0.469,7,26,0.269,25,28,0.893,76,25,68,0.368,17,47,0.362,8,21,0.381,19,27,0.704,77
South Carolina,7,2017-04-01 NCAA,73,Gonzaga,1,L 73-77,National Semi,East,200,25,66,0.379,18,46,0.391,7,20,0.35,16,22,0.727,73,29,60,0.483,20,41,0.488,9,19,0.474,10,13,0.769,77
Villanova,2,2016-04-04 NCAA,77,North Carolina,1,W 77-74,National Final,South,200,28,48,0.583,20,34,0.588,8,14,0.571,13,17,0.765,77,27,63,0.429,16,46,0.348,11,17,0.647,9,13,0.692,74
North Carolina,1,2016-04-04 NCAA,74,Villanova,2,L 74-77,National Final,East,200,27,63,0.429,16,46,0.348,11,17,0.647,9,13,0.692,74,28,48,0.583,20,34,0.588,8,14,0.571,13,17,0.765,77
Villanova,2,2016-04-02 NCAA,95,Oklahoma,2,W 95-51,National Semi,South,200,35,49,0.714,24,31,0.774,11,18,0.611,14,19,0.737,95,19,60,0.317,13,33,0.394,6,27,0.222,7,11,0.636,51
North Carolina,1,2016-04-02 NCAA,83,Syracuse,10,W 83-66,National Semi,East,200,35,65,0.538,31,48,0.646,4,17,0.235,9,11,0.818,83,27,66,0.409,19,41,0.463,8,25,0.32,4,13,0.308,66
Syracuse,10,2016-04-02 NCAA,66,North Carolina,1,L 66-83,National Semi,Midwest,200,27,66,0.409,19,41,0.463,8,25,0.32,4,13,0.308,66,35,65,0.538,31,48,0.646,4,17,0.235,9,11,0.818,83
Oklahoma,2,2016-04-02 NCAA,51,Villanova,2,L 51-95,National Semi,West,200,19,60,0.317,13,33,0.394,6,27,0.222,7,11,0.636,51,35,49,0.714,24,31,0.774,11,18,0.611,14,19,0.737,95
Duke,1,2015-04-06 NCAA,68,Wisconsin,1,W 68-63,National Final,South,200,24,51,0.471,20,40,0.5,4,11,0.364,16,20,0.8,68,25,61,0.41,18,40,0.45,7,21,0.333,6,10,0.6,63
Wisconsin,1,2015-04-06 NCAA,63,Duke,1,L 63-68,National Final,West,200,25,61,0.41,18,40,0.45,7,21,0.333,6,10,0.6,63,24,51,0.471,20,40,0.5,4,11,0.364,16,20,0.8,68
Duke,1,2015-04-04 NCAA,81,Michigan State,7,W 81-61,National Semi,South,200,26,50,0.52,24,40,0.6,2,10,0.2,27,37,0.73,81,22,55,0.4,15,35,0.429,7,20,0.35,10,16,0.625,61
Wisconsin,1,2015-04-04 NCAA,71,Kentucky,1,W 71-64,National Semi,West,200,23,48,0.479,16,31,0.516,7,17,0.412,18,22,0.818,71,26,54,0.481,23,49,0.469,3,5,0.6,9,10,0.9,64
Kentucky,1,2015-04-04 NCAA,64,Wisconsin,1,L 64-71,National Semi,Midwest,200,26,54,0.481,23,49,0.469,3,5,0.6,9,10,0.9,64,23,48,0.479,16,31,0.516,7,17,0.412,18,22,0.818,71
Michigan State,7,2015-04-04 NCAA,61,Duke,1,L 61-81,National Semi,East,200,22,55,0.4,15,35,0.429,7,20,0.35,10,16,0.625,61,26,50,0.52,24,40,0.6,2,10,0.2,27,37,0.73,81
UConn,7,2014-04-07 NCAA,60,Kentucky,8,W 60-54,National Final,East,200,22,53,0.415,16,34,0.471,6,19,0.316,10,10,1,60,18,46,0.391,13,30,0.433,5,16,0.313,13,24,0.542,54
Kentucky,8,2014-04-07 NCAA,54,UConn,7,L 54-60,National Final,Midwest,200,18,46,0.391,13,30,0.433,5,16,0.313,13,24,0.542,54,22,53,0.415,16,34,0.471,6,19,0.316,10,10,1,60
Kentucky,8,2014-04-05 NCAA,74,Wisconsin,2,W 74-73,National Semi,Midwest,199,29,58,0.5,27,53,0.509,2,5,0.4,14,21,0.667,74,23,50,0.46,15,30,0.5,8,20,0.4,19,20,0.95,73
Wisconsin,2,2014-04-05 NCAA,73,Kentucky,8,L 73-74,National Semi,West,200,23,50,0.46,15,30,0.5,8,20,0.4,19,20,0.95,73,29,58,0.5,27,53,0.509,2,5,0.4,14,21,0.667,74
UConn,7,2014-04-05 NCAA,63,Florida,1,W 63-53,National Semi,East,200,24,43,0.558,19,31,0.613,5,12,0.417,10,13,0.769,63,19,49,0.388,18,39,0.462,1,10,0.1,14,20,0.7,53
Florida,1,2014-04-05 NCAA,53,UConn,7,L 53-63,National Semi,South,200,19,49,0.388,18,39,0.462,1,10,0.1,14,20,0.7,53,24,43,0.558,19,31,0.613,5,12,0.417,10,13,0.769,63
Louisville,1,2013-04-08 NCAA,82,Michigan,4,W 82-76,National Final,Midwest,200,28,61,0.459,20,45,0.444,8,16,0.5,18,23,0.783,82,25,48,0.521,17,30,0.567,8,18,0.444,18,25,0.72,76
Michigan,4,2013-04-08 NCAA,76,Louisville,1,L 76-82,National Final,South,200,25,48,0.521,17,30,0.567,8,18,0.444,18,25,0.72,76,28,61,0.459,20,45,0.444,8,16,0.5,18,23,0.783,82
Louisville,1,2013-04-06 NCAA,72,Wichita State,9,W 72-68,National Semi,Midwest,200,22,49,0.449,13,24,0.542,9,25,0.36,19,29,0.655,72,22,54,0.407,16,34,0.471,6,20,0.3,18,24,0.75,68
Wichita State,9,2013-04-06 NCAA,68,Louisville,1,L 68-72,National Semi,West,200,22,54,0.407,16,34,0.471,6,20,0.3,18,24,0.75,68,22,49,0.449,13,24,0.542,9,25,0.36,19,29,0.655,72
Michigan,4,2013-04-06 NCAA,61,Syracuse,4,W 61-56,National Semi,South,201,21,53,0.396,13,29,0.448,8,24,0.333,11,20,0.55,61,23,55,0.418,20,41,0.488,3,14,0.214,7,11,0.636,56
Syracuse,4,2013-04-06 NCAA,56,Michigan,4,L 56-61,National Semi,East,201,23,55,0.418,20,41,0.488,3,14,0.214,7,11,0.636,56,21,53,0.396,13,29,0.448,8,24,0.333,11,20,0.55,61
Kentucky,1,2012-04-02 NCAA,67,Kansas,2,W 67-59,National Final,South,200,23,56,0.411,17,42,0.405,6,14,0.429,15,21,0.714,67,22,62,0.355,17,51,0.333,5,11,0.455,10,15,0.667,59
Kansas,2,2012-04-02 NCAA,59,Kentucky,1,L 59-67,National Final,Midwest,200,22,62,0.355,17,51,0.333,5,11,0.455,10,15,0.667,59,23,56,0.411,17,42,0.405,6,14,0.429,15,21,0.714,67
Kentucky,1,2012-03-31 NCAA,69,Louisville,4,W 69-61,National Semi,South,200,28,49,0.571,26,42,0.619,2,7,0.286,11,20,0.55,69,24,69,0.348,20,58,0.345,4,11,0.364,9,13,0.692,61
Kansas,2,2012-03-31 NCAA,64,Ohio State,2,W 64-62,National Semi,Midwest,200,25,56,0.446,22,45,0.489,3,11,0.273,11,14,0.786,64,20,59,0.339,12,37,0.324,8,22,0.364,14,15,0.933,62
Ohio State,2,2012-03-31 NCAA,62,Kansas,2,L 62-64,National Semi,East,200,20,59,0.339,12,37,0.324,8,22,0.364,14,15,0.933,62,25,56,0.446,22,45,0.489,3,11,0.273,11,14,0.786,64
Louisville,4,2012-03-31 NCAA,61,Kentucky,1,L 61-69,National Semi,West,200,24,69,0.348,20,58,0.345,4,11,0.364,9,13,0.692,61,28,49,0.571,26,42,0.619,2,7,0.286,11,20,0.55,69
UConn,3,2011-04-04 NCAA,53,Butler,8,W 53-41,National Final,West,200,19,55,0.345,18,44,0.409,1,11,0.091,14,16,0.875,53,12,64,0.188,3,31,0.097,9,33,0.273,8,14,0.571,41
Butler,8,2011-04-04 NCAA,41,UConn,3,L 41-53,National Final,Southeast,200,12,64,0.188,3,31,0.097,9,33,0.273,8,14,0.571,41,19,55,0.345,18,44,0.409,1,11,0.091,14,16,0.875,53
Butler,8,2011-04-02 NCAA,70,VCU,11,W 70-62,National Semi,Southeast,200,21,59,0.356,13,36,0.361,8,23,0.348,20,26,0.769,70,23,58,0.397,15,36,0.417,8,22,0.364,8,13,0.615,62
VCU,11,2011-04-02 NCAA,62,Butler,8,L 62-70,National Semi,Southwest,200,23,58,0.397,15,36,0.417,8,22,0.364,8,13,0.615,62,21,59,0.356,13,36,0.361,8,23,0.348,20,26,0.769,70
UConn,3,2011-04-02 NCAA,56,Kentucky,4,W 56-55,National Semi,West,200,23,49,0.469,22,37,0.595,1,12,0.083,9,11,0.818,56,21,62,0.339,12,35,0.343,9,27,0.333,4,12,0.333,55
Kentucky,4,2011-04-02 NCAA,55,UConn,3,L 55-56,National Semi,East,200,21,62,0.339,12,35,0.343,9,27,0.333,4,12,0.333,55,23,49,0.469,22,37,0.595,1,12,0.083,9,11,0.818,56
Duke,1,2010-04-05 NCAA,61,Butler,5,W 61-59,National Final,South,200,23,52,0.442,18,35,0.514,5,17,0.294,10,16,0.625,61,20,58,0.345,14,40,0.35,6,18,0.333,13,18,0.722,59
Butler,5,2010-04-05 NCAA,59,Duke,1,L 59-61,National Final,West,200,20,58,0.345,14,40,0.35,6,18,0.333,13,18,0.722,59,23,52,0.442,18,35,0.514,5,17,0.294,10,16,0.625,61
Duke,1,2010-04-03 NCAA,78,West Virginia,2,W 78-57,National Semi,South,200,29,55,0.527,16,30,0.533,13,25,0.52,7,9,0.778,78,19,46,0.413,14,34,0.412,5,12,0.417,14,19,0.737,57
West Virginia,2,2010-04-03 NCAA,57,Duke,1,L 57-78,National Semi,East,200,19,46,0.413,14,34,0.412,5,12,0.417,14,19,0.737,57,29,55,0.527,16,30,0.533,13,25,0.52,7,9,0.778,78
Butler,5,2010-04-03 NCAA,52,Michigan State,5,W 52-50,National Semi,West,200,15,49,0.306,10,28,0.357,5,21,0.238,17,24,0.708,52,18,42,0.429,14,31,0.452,4,11,0.364,10,18,0.556,50
Michigan State,5,2010-04-03 NCAA,50,Butler,5,L 50-52,National Semi,Midwest,200,18,42,0.429,14,31,0.452,4,11,0.364,10,18,0.556,50,15,49,0.306,10,28,0.357,5,21,0.238,17,24,0.708,52
North Carolina,1,2009-04-06 NCAA,89,Michigan State,2,W 89-72,National Final,South,200,28,61,0.459,23,49,0.469,5,12,0.417,28,40,0.7,89,22,55,0.4,15,32,0.469,7,23,0.304,21,29,0.724,72
Michigan State,2,2009-04-06 NCAA,72,North Carolina,1,L 72-89,National Final,Midwest,200,22,55,0.4,15,32,0.469,7,23,0.304,21,29,0.724,72,28,61,0.459,23,49,0.469,5,12,0.417,28,40,0.7,89
North Carolina,1,2009-04-04 NCAA,83,Villanova,3,W 83-69,National Semi,South,200,25,62,0.403,14,40,0.35,11,22,0.5,22,37,0.595,83,26,79,0.329,21,52,0.404,5,27,0.185,12,16,0.75,69
Michigan State,2,2009-04-04 NCAA,82,UConn,1,W 82-73,National Semi,Midwest,200,31,72,0.431,25,53,0.472,6,19,0.316,14,20,0.7,82,25,59,0.424,23,53,0.434,2,6,0.333,21,33,0.636,73
UConn,1,2009-04-04 NCAA,73,Michigan State,2,L 73-82,National Semi,West,200,25,59,0.424,23,53,0.434,2,6,0.333,21,33,0.636,73,31,72,0.431,25,53,0.472,6,19,0.316,14,20,0.7,82
Villanova,3,2009-04-04 NCAA,69,North Carolina,1,L 69-83,National Semi,East,200,26,79,0.329,21,52,0.404,5,27,0.185,12,16,0.75,69,25,62,0.403,14,40,0.35,11,22,0.5,22,37,0.595,83
Kansas,1,2008-04-07 NCAA,75,Memphis,1,W 75-68 (OT),National Final,Midwest,225,29,55,0.527,26,43,0.605,3,12,0.25,14,15,0.933,75,25,62,0.403,19,40,0.475,6,22,0.273,12,19,0.632,68
Memphis,1,2008-04-07 NCAA,68,Kansas,1,L 68-75 (OT),National Final,South,225,25,62,0.403,19,40,0.475,6,22,0.273,12,19,0.632,68,29,55,0.527,26,43,0.605,3,12,0.25,14,15,0.933,75
Kansas,1,2008-04-05 NCAA,84,North Carolina,1,W 84-66,National Semi,Midwest,200,34,64,0.531,29,49,0.592,5,15,0.333,11,14,0.786,84,24,67,0.358,19,43,0.442,5,24,0.208,13,15,0.867,66
Memphis,1,2008-04-05 NCAA,78,UCLA,1,W 78-63,National Semi,South,200,27,64,0.422,23,52,0.442,4,12,0.333,20,23,0.87,78,24,64,0.375,20,51,0.392,4,13,0.308,11,13,0.846,63
North Carolina,1,2008-04-05 NCAA,66,Kansas,1,L 66-84,National Semi,East,200,24,67,0.358,19,43,0.442,5,24,0.208,13,15,0.867,66,34,64,0.531,29,49,0.592,5,15,0.333,11,14,0.786,84
UCLA,1,2008-04-05 NCAA,63,Memphis,1,L 63-78,National Semi,West,200,24,64,0.375,20,51,0.392,4,13,0.308,11,13,0.846,63,27,64,0.422,23,52,0.442,4,12,0.333,20,23,0.87,78
Florida,1,2007-04-02 NCAA,84,Ohio State,1,W 84-75,National Final,Midwest,200,26,53,0.491,16,35,0.457,10,18,0.556,22,25,0.88,84,30,64,0.469,26,41,0.634,4,23,0.174,11,17,0.647,75
Ohio State,1,2007-04-02 NCAA,75,Florida,1,L 75-84,National Final,South,200,30,64,0.469,26,41,0.634,4,23,0.174,11,17,0.647,75,26,53,0.491,16,35,0.457,10,18,0.556,22,25,0.88,84
Florida,1,2007-03-31 NCAA,76,UCLA,2,W 76-66,National Semi,Midwest,200,24,45,0.533,15,23,0.652,9,22,0.409,19,31,0.613,76,25,64,0.391,20,41,0.488,5,23,0.217,11,13,0.846,66
Ohio State,1,2007-03-31 NCAA,67,Georgetown,2,W 67-60,National Semi,South,200,25,57,0.439,21,43,0.488,4,14,0.286,13,19,0.684,67,25,51,0.49,18,30,0.6,7,21,0.333,3,8,0.375,60
UCLA,2,2007-03-31 NCAA,66,Florida,1,L 66-76,National Semi,West,200,25,64,0.391,20,41,0.488,5,23,0.217,11,13,0.846,66,24,45,0.533,15,23,0.652,9,22,0.409,19,31,0.613,76
Georgetown,2,2007-03-31 NCAA,60,Ohio State,1,L 60-67,National Semi,East,200,25,51,0.49,18,30,0.6,7,21,0.333,3,8,0.375,60,25,57,0.439,21,43,0.488,4,14,0.286,13,19,0.684,67
Florida,3,2006-04-03 NCAA,73,UCLA,2,W 73-57,National Final,Minneapolis,200,26,58,0.448,20,39,0.513,6,19,0.316,15,20,0.75,73,22,61,0.361,19,44,0.432,3,17,0.176,10,14,0.714,57
UCLA,2,2006-04-03 NCAA,57,Florida,3,L 57-73,National Final,Oakland,200,22,61,0.361,19,44,0.432,3,17,0.176,10,14,0.714,57,26,58,0.448,20,39,0.513,6,19,0.316,15,20,0.75,73
Florida,3,2006-04-01 NCAA,73,George Mason,11,W 73-58,National Semi,Minneapolis,200,23,53,0.434,11,28,0.393,12,25,0.48,15,19,0.789,73,23,56,0.411,21,45,0.467,2,11,0.182,10,14,0.714,58
UCLA,2,2006-04-01 NCAA,59,LSU,4,W 59-45,National Semi,Oakland,200,21,51,0.412,16,33,0.485,5,18,0.278,12,17,0.706,59,16,50,0.32,16,44,0.364,0,6,0,13,28,0.464,45
George Mason,11,2006-04-01 NCAA,58,Florida,3,L 58-73,National Semi,Washington,200,23,56,0.411,21,45,0.467,2,11,0.182,10,14,0.714,58,23,53,0.434,11,28,0.393,12,25,0.48,15,19,0.789,73
LSU,4,2006-04-01 NCAA,45,UCLA,2,L 45-59,National Semi,Atlanta,200,16,50,0.32,16,44,0.364,0,6,0,13,28,0.464,45,21,51,0.412,16,33,0.485,5,18,0.278,12,17,0.706,59
North Carolina,1,2005-04-04 NCAA,75,Illinois,1,W 75-70,National Final,Syracuse,200,27,52,0.519,18,36,0.5,9,16,0.563,12,19,0.632,75,27,70,0.386,15,30,0.5,12,40,0.3,4,6,0.667,70
Illinois,1,2005-04-04 NCAA,70,North Carolina,1,L 70-75,National Final,Chicago,200,27,70,0.386,15,30,0.5,12,40,0.3,4,6,0.667,70,27,52,0.519,18,36,0.5,9,16,0.563,12,19,0.632,75
North Carolina,1,2005-04-02 NCAA,87,Michigan State,5,W 87-71,National Semi,Syracuse,200,35,71,0.493,29,51,0.569,6,20,0.3,11,17,0.647,87,25,74,0.338,18,51,0.353,7,23,0.304,14,18,0.778,71
Illinois,1,2005-04-02 NCAA,72,Louisville,4,W 72-57,National Semi,Chicago,200,27,56,0.482,15,26,0.577,12,30,0.4,6,8,0.75,72,21,54,0.389,15,34,0.441,6,20,0.3,9,12,0.75,57
Michigan State,5,2005-04-02 NCAA,71,North Carolina,1,L 71-87,National Semi,Austin,200,25,74,0.338,18,51,0.353,7,23,0.304,14,18,0.778,71,35,71,0.493,29,51,0.569,6,20,0.3,11,17,0.647,87
Louisville,4,2005-04-02 NCAA,57,Illinois,1,L 57-72,National Semi,Albuquerque,200,21,54,0.389,15,34,0.441,6,20,0.3,9,12,0.75,57,27,56,0.482,15,26,0.577,12,30,0.4,6,8,0.75,72
UConn,2,2004-04-05 NCAA,82,Georgia Tech,3,W 82-73,National Final,Phoenix,200,26,61,0.426,21,44,0.477,5,17,0.294,25,39,0.641,82,27,71,0.38,20,49,0.408,7,22,0.318,12,21,0.571,73
Georgia Tech,3,2004-04-05 NCAA,73,UConn,2,L 73-82,National Final,St. Louis,200,27,71,0.38,20,49,0.408,7,22,0.318,12,21,0.571,73,26,61,0.426,21,44,0.477,5,17,0.294,25,39,0.641,82
UConn,2,2004-04-03 NCAA,79,Duke,1,W 79-78,National Semi,Phoenix,200,26,52,0.5,20,41,0.488,6,11,0.545,21,32,0.656,79,29,71,0.408,23,49,0.469,6,22,0.273,14,23,0.609,78
Duke,1,2004-04-03 NCAA,78,UConn,2,L 78-79,National Semi,Atlanta,200,29,71,0.408,23,49,0.469,6,22,0.273,14,23,0.609,78,26,52,0.5,20,41,0.488,6,11,0.545,21,32,0.656,79
Georgia Tech,3,2004-04-03 NCAA,67,Oklahoma State,2,W 67-65,National Semi,St. Louis,200,24,49,0.49,17,32,0.531,7,17,0.412,12,16,0.75,67,22,50,0.44,18,35,0.514,4,15,0.267,17,25,0.68,65
Oklahoma State,2,2004-04-03 NCAA,65,Georgia Tech,3,L 65-67,National Semi,East Rutherford,200,22,50,0.44,18,35,0.514,4,15,0.267,17,25,0.68,65,24,49,0.49,17,32,0.531,7,17,0.412,12,16,0.75,67
Syracuse,3,2003-04-07 NCAA,81,Kansas,2,W 81-78,National Final,East,200,30,63,0.476,19,45,0.422,11,18,0.611,10,17,0.588,81,31,71,0.437,27,51,0.529,4,20,0.2,12,30,0.4,78
Kansas,2,2003-04-07 NCAA,78,Syracuse,3,L 78-81,National Final,West,200,31,71,0.437,27,51,0.529,4,20,0.2,12,30,0.4,78,30,63,0.476,19,45,0.422,11,18,0.611,10,17,0.588,81
Syracuse,3,2003-04-05 NCAA,95,Texas,1,W 95-84,National Semi,East,200,32,56,0.571,25,43,0.581,7,13,0.538,24,31,0.774,95,27,63,0.429,17,42,0.405,10,21,0.476,20,32,0.625,84
Kansas,2,2003-04-05 NCAA,94,Marquette,3,W 94-61,National Semi,West,200,38,71,0.535,30,52,0.577,8,19,0.421,10,17,0.588,94,23,74,0.311,20,58,0.345,3,16,0.188,12,18,0.667,61
Texas,1,2003-04-05 NCAA,84,Syracuse,3,L 84-95,National Semi,South,200,27,63,0.429,17,42,0.405,10,21,0.476,20,32,0.625,84,32,56,0.571,25,43,0.581,7,13,0.538,24,31,0.774,95
Marquette,3,2003-04-05 NCAA,61,Kansas,2,L 61-94,National Semi,Midwest,200,23,74,0.311,20,58,0.345,3,16,0.188,12,18,0.667,61,38,71,0.535,30,52,0.577,8,19,0.421,10,17,0.588,94
Maryland,1,2002-04-01 NCAA,64,Indiana,5,W 64-52,National Final,East,200,21,48,0.438,19,39,0.487,2,9,0.222,20,28,0.714,64,20,58,0.345,10,35,0.286,10,23,0.435,2,7,0.286,52
Indiana,5,2002-04-01 NCAA,52,Maryland,1,L 52-64,National Final,South,200,20,58,0.345,10,35,0.286,10,23,0.435,2,7,0.286,52,21,48,0.438,19,39,0.487,2,9,0.222,20,28,0.714,64
Maryland,1,2002-03-30 NCAA,97,Kansas,1,W 97-88,National Semi,East,200,32,70,0.457,25,49,0.51,7,21,0.333,26,35,0.743,97,29,67,0.433,20,44,0.455,9,23,0.391,21,31,0.677,88
Kansas,1,2002-03-30 NCAA,88,Maryland,1,L 88-97,National Semi,Midwest,200,29,67,0.433,20,44,0.455,9,23,0.391,21,31,0.677,88,32,70,0.457,25,49,0.51,7,21,0.333,26,35,0.743,97
Indiana,5,2002-03-30 NCAA,73,Oklahoma,2,W 73-64,National Semi,South,200,25,48,0.521,17,35,0.486,8,13,0.615,15,24,0.625,73,24,66,0.364,22,48,0.458,2,18,0.111,14,18,0.778,64
Oklahoma,2,2002-03-30 NCAA,64,Indiana,5,L 64-73,National Semi,West,200,24,66,0.364,22,48,0.458,2,18,0.111,14,18,0.778,64,25,48,0.521,17,35,0.486,8,13,0.615,15,24,0.625,73
Duke,1,2001-04-02 NCAA,82,Arizona,2,W 82-72,National Final,East,200,30,64,0.469,21,37,0.568,9,27,0.333,13,22,0.591,82,28,71,0.394,24,49,0.49,4,22,0.182,12,19,0.632,72
Arizona,2,2001-04-02 NCAA,72,Duke,1,L 72-82,National Final,Midwest,200,28,71,0.394,24,49,0.49,4,22,0.182,12,19,0.632,72,30,64,0.469,21,37,0.568,9,27,0.333,13,22,0.591,82
Duke,1,2001-03-31 NCAA,95,Maryland,3,W 95-84,National Semi,East,200,31,71,0.437,24,44,0.545,7,27,0.259,26,35,0.743,95,29,66,0.439,22,48,0.458,7,18,0.389,19,27,0.704,84
Maryland,3,2001-03-31 NCAA,84,Duke,1,L 84-95,National Semi,West,200,29,66,0.439,22,48,0.458,7,18,0.389,19,27,0.704,84,31,71,0.437,24,44,0.545,7,27,0.259,26,35,0.743,95
Arizona,2,2001-03-31 NCAA,80,Michigan State,1,W 80-61,National Semi,Midwest,200,30,60,0.5,23,46,0.5,7,14,0.5,13,16,0.813,80,25,61,0.41,23,47,0.489,2,14,0.143,9,14,0.643,61
Michigan State,1,2001-03-31 NCAA,61,Arizona,2,L 61-80,National Semi,South,200,25,61,0.41,23,47,0.489,2,14,0.143,9,14,0.643,61,30,60,0.5,23,46,0.5,7,14,0.5,13,16,0.813,80
Michigan State,1,2000-04-03 NCAA,89,Florida,5,W 89-76,National Final,Midwest,200,33,59,0.559,22,37,0.595,11,22,0.5,12,16,0.75,89,26,60,0.433,20,42,0.476,6,18,0.333,18,22,0.818,76
Florida,5,2000-04-03 NCAA,76,Michigan State,1,L 76-89,National Final,East,200,26,60,0.433,20,42,0.476,6,18,0.333,18,22,0.818,76,33,59,0.559,22,37,0.595,11,22,0.5,12,16,0.75,89
Florida,5,2000-04-01 NCAA,71,North Carolina,8,W 71-59,National Semi,East,200,25,64,0.391,18,36,0.5,7,28,0.25,14,23,0.609,71,20,57,0.351,15,35,0.429,5,22,0.227,14,23,0.609,59
North Carolina,8,2000-04-01 NCAA,59,Florida,5,L 59-71,National Semi,South,200,20,57,0.351,15,35,0.429,5,22,0.227,14,23,0.609,59,25,64,0.391,18,36,0.5,7,28,0.25,14,23,0.609,71
Michigan State,1,2000-04-01 NCAA,53,Wisconsin,8,W 53-41,National Semi,Midwest,200,16,46,0.348,14,32,0.438,2,14,0.143,19,23,0.826,53,15,43,0.349,11,30,0.367,4,13,0.308,7,11,0.636,41
Wisconsin,8,2000-04-01 NCAA,41,Michigan State,1,L 41-53,National Semi,West,200,15,43,0.349,11,30,0.367,4,13,0.308,7,11,0.636,41,16,46,0.348,14,32,0.438,2,14,0.143,19,23,0.826,53
UConn,1,1999-03-29 NCAA,77,Duke,1,W 77-74,National Final,West,200,32,61,0.525,29,53,0.547,3,8,0.375,10,18,0.556,77,23,56,0.411,16,37,0.432,7,19,0.368,21,27,0.778,74
Duke,1,1999-03-29 NCAA,74,UConn,1,L 74-77,National Final,East,200,23,56,0.411,16,37,0.432,7,19,0.368,21,27,0.778,74,32,61,0.525,29,53,0.547,3,8,0.375,10,18,0.556,77
Duke,1,1999-03-27 NCAA,68,Michigan State,1,W 68-62,National Semi,East,200,25,56,0.446,21,43,0.488,4,13,0.308,14,27,0.519,68,26,70,0.371,22,52,0.423,4,18,0.222,6,11,0.545,62
UConn,1,1999-03-27 NCAA,64,Ohio State,4,W 64-58,National Semi,West,200,26,55,0.473,25,49,0.51,1,6,0.167,11,15,0.733,64,23,63,0.365,20,49,0.408,3,14,0.214,9,18,0.5,58
Michigan State,1,1999-03-27 NCAA,62,Duke,1,L 62-68,National Semi,Midwest,200,26,70,0.371,22,52,0.423,4,18,0.222,6,11,0.545,62,25,56,0.446,21,43,0.488,4,13,0.308,14,27,0.519,68
Ohio State,4,1999-03-27 NCAA,58,UConn,1,L 58-64,National Semi,South,200,23,63,0.365,20,49,0.408,3,14,0.214,9,18,0.5,58,26,55,0.473,25,49,0.51,1,6,0.167,11,15,0.733,64
Kentucky,2,1998-03-30 NCAA,78,Utah,3,W 78-69,National Final,South,200,29,57,0.509,24,40,0.6,5,17,0.294,15,17,0.882,78,24,55,0.436,20,41,0.488,4,14,0.286,17,22,0.773,69
Utah,3,1998-03-30 NCAA,69,Kentucky,2,L 69-78,National Final,West,200,24,55,0.436,20,41,0.488,4,14,0.286,17,22,0.773,69,29,57,0.509,24,40,0.6,5,17,0.294,15,17,0.882,78
Kentucky,2,1998-03-28 NCAA,86,Stanford,3,W 86-85 (OT),National Semi,South,225,29,67,0.433,24,52,0.462,5,15,0.333,23,33,0.697,86,27,68,0.397,16,40,0.4,11,28,0.393,20,24,0.833,85
Stanford,3,1998-03-28 NCAA,85,Kentucky,2,L 85-86 (OT),National Semi,Midwest,225,27,68,0.397,16,40,0.4,11,28,0.393,20,24,0.833,85,29,67,0.433,24,52,0.462,5,15,0.333,23,33,0.697,86
Utah,3,1998-03-28 NCAA,65,North Carolina,1,W 65-59,National Semi,West,200,24,54,0.444,19,37,0.514,5,17,0.294,12,22,0.545,65,27,69,0.391,24,46,0.522,3,23,0.13,2,7,0.286,59
North Carolina,1,1998-03-28 NCAA,59,Utah,3,L 59-65,National Semi,East,200,27,69,0.391,24,46,0.522,3,23,0.13,2,7,0.286,59,24,54,0.444,19,37,0.514,5,17,0.294,12,22,0.545,65
Arizona,4,1997-03-31 NCAA,84,Kentucky,1,W 84-79 (OT),National Final,Southeast,225,22,58,0.379,16,45,0.356,6,13,0.462,34,41,0.829,84,30,72,0.417,20,42,0.476,10,30,0.333,9,17,0.529,79
Kentucky,1,1997-03-31 NCAA,79,Arizona,4,L 79-84 (OT),National Final,West,225,30,72,0.417,20,42,0.476,10,30,0.333,9,17,0.529,79,22,58,0.379,16,45,0.356,6,13,0.462,34,41,0.829,84
Kentucky,1,1997-03-29 NCAA,78,Minnesota,1,W 78-69,National Semi,West,200,23,60,0.383,14,37,0.378,9,23,0.391,23,34,0.676,78,27,64,0.422,24,48,0.5,3,16,0.188,12,19,0.632,69
Minnesota,1,1997-03-29 NCAA,69,Kentucky,1,L 69-78,National Semi,Midwest,200,27,64,0.422,24,48,0.5,3,16,0.188,12,19,0.632,69,23,60,0.383,14,37,0.378,9,23,0.391,23,34,0.676,78
Arizona,4,1997-03-29 NCAA,66,North Carolina,1,W 66-58,National Semi,Southeast,200,22,66,0.333,11,37,0.297,11,29,0.379,11,16,0.688,66,23,74,0.311,19,53,0.358,4,21,0.19,8,10,0.8,58
North Carolina,1,1997-03-29 NCAA,58,Arizona,4,L 58-66,National Semi,East,200,23,74,0.311,19,53,0.358,4,21,0.19,8,10,0.8,58,22,66,0.333,11,37,0.297,11,29,0.379,11,16,0.688,66
Kentucky,1,1996-04-01 NCAA,76,Syracuse,4,W 76-67,National Final,Midwest,200,28,73,0.384,16,46,0.348,12,27,0.444,8,13,0.615,76,26,52,0.5,20,37,0.541,6,15,0.4,9,14,0.643,67
Syracuse,4,1996-04-01 NCAA,67,Kentucky,1,L 67-76,National Final,West,200,26,52,0.5,20,37,0.541,6,15,0.4,9,14,0.643,67,28,73,0.384,16,46,0.348,12,27,0.444,8,13,0.615,76
Kentucky,1,1996-03-30 NCAA,81,Massachusetts,1,W 81-74,National Semi,Midwest,200,28,55,0.509,25,46,0.543,3,9,0.333,22,30,0.733,81,29,64,0.453,26,55,0.473,3,9,0.333,13,19,0.684,74
Syracuse,4,1996-03-30 NCAA,77,Mississippi State,5,W 77-69,National Semi,West,200,26,55,0.473,21,43,0.488,5,12,0.417,20,24,0.833,77,26,56,0.464,15,28,0.536,11,28,0.393,6,6,1,69
Massachusetts,1,1996-03-30 NCAA,74,Kentucky,1,L 74-81,National Semi,East,200,29,64,0.453,26,55,0.473,3,9,0.333,13,19,0.684,74,28,55,0.509,25,46,0.543,3,9,0.333,22,30,0.733,81
Mississippi State,5,1996-03-30 NCAA,69,Syracuse,4,L 69-77,National Semi,Southeast,200,26,56,0.464,15,28,0.536,11,28,0.393,6,6,1,69,26,55,0.473,21,43,0.488,5,12,0.417,20,24,0.833,77
UCLA,1,1995-04-03 NCAA,89,Arkansas,2,W 89-78,National Final,West,200,33,68,0.485,31,61,0.508,2,7,0.286,21,29,0.724,89,28,65,0.431,18,37,0.486,10,28,0.357,12,20,0.6,78
Arkansas,2,1995-04-03 NCAA,78,UCLA,1,L 78-89,National Final,Midwest,200,28,65,0.431,18,37,0.486,10,28,0.357,12,20,0.6,78,33,68,0.485,31,61,0.508,2,7,0.286,21,29,0.724,89
Arkansas,2,1995-04-01 NCAA,75,North Carolina,2,W 75-68,National Semi,Midwest,200,28,74,0.378,16,40,0.4,12,34,0.353,7,9,0.778,75,21,56,0.375,11,28,0.393,10,28,0.357,16,24,0.667,68
UCLA,1,1995-04-01 NCAA,74,Oklahoma State,4,W 74-61,National Semi,West,200,24,49,0.49,22,42,0.524,2,7,0.286,24,28,0.857,74,21,50,0.42,14,31,0.452,7,19,0.368,12,16,0.75,61
North Carolina,2,1995-04-01 NCAA,68,Arkansas,2,L 68-75,National Semi,Southeast,200,21,56,0.375,11,28,0.393,10,28,0.357,16,24,0.667,68,28,74,0.378,16,40,0.4,12,34,0.353,7,9,0.778,75
Oklahoma State,4,1995-04-01 NCAA,61,UCLA,1,L 61-74,National Semi,East,200,21,50,0.42,14,31,0.452,7,19,0.368,12,16,0.75,61,24,49,0.49,22,42,0.524,2,7,0.286,24,28,0.857,74
Arkansas,1,1994-04-04 NCAA,76,Duke,2,W 76-72,National Final,Midwest,200,30,77,0.39,25,59,0.424,5,18,0.278,11,19,0.579,76,29,65,0.446,22,45,0.489,7,20,0.35,7,11,0.636,72
Duke,2,1994-04-04 NCAA,72,Arkansas,1,L 72-76,National Final,Southeast,200,29,65,0.446,22,45,0.489,7,20,0.35,7,11,0.636,72,30,77,0.39,25,59,0.424,5,18,0.278,11,19,0.579,76
Arkansas,1,1994-04-02 NCAA,91,Arizona,2,W 91-82,National Semi,Midwest,200,32,70,0.457,25,46,0.543,7,24,0.292,20,32,0.625,91,31,80,0.388,25,48,0.521,6,32,0.188,14,16,0.875,82
Arizona,2,1994-04-02 NCAA,82,Arkansas,1,L 82-91,National Semi,West,200,31,80,0.388,25,48,0.521,6,32,0.188,14,16,0.875,82,32,70,0.457,25,46,0.543,7,24,0.292,20,32,0.625,91
Duke,2,1994-04-02 NCAA,70,Florida,3,W 70-65,National Semi,Southeast,200,22,51,0.431,15,37,0.405,7,14,0.5,19,23,0.826,70,25,63,0.397,21,54,0.389,4,9,0.444,11,20,0.55,65
Florida,3,1994-04-02 NCAA,65,Duke,2,L 65-70,National Semi,East,200,25,63,0.397,21,54,0.389,4,9,0.444,11,20,0.55,65,22,51,0.431,15,37,0.405,7,14,0.5,19,23,0.826,70
North Carolina,1,1993-04-05 NCAA,77,Michigan,1,W 77-71,National Final,East,200,27,55,0.491,22,44,0.5,5,11,0.455,18,23,0.783,77,30,62,0.484,25,47,0.532,5,15,0.333,6,7,0.857,71
Michigan,1,1993-04-05 NCAA,71,North Carolina,1,L 71-77,National Final,West,200,30,62,0.484,25,47,0.532,5,15,0.333,6,7,0.857,71,27,55,0.491,22,44,0.5,5,11,0.455,18,23,0.783,77
Michigan,1,1993-04-03 NCAA,81,Kentucky,1,W 81-78 (OT),National Semi,West,225,29,61,0.475,29,57,0.509,0,4,0,23,30,0.767,81,25,61,0.41,18,40,0.45,7,21,0.333,21,26,0.808,78
Kentucky,1,1993-04-03 NCAA,78,Michigan,1,L 78-81 (OT),National Semi,Southeast,225,25,61,0.41,18,40,0.45,7,21,0.333,21,26,0.808,78,29,61,0.475,29,57,0.509,0,4,0,23,30,0.767,81
North Carolina,1,1993-04-03 NCAA,78,Kansas,2,W 78-68,National Semi,East,200,28,52,0.538,23,45,0.511,5,7,0.714,17,24,0.708,78,25,57,0.439,14,37,0.378,11,20,0.55,7,7,1,68
Kansas,2,1993-04-03 NCAA,68,North Carolina,1,L 68-78,National Semi,Midwest,200,25,57,0.439,14,37,0.378,11,20,0.55,7,7,1,68,28,52,0.538,23,45,0.511,5,7,0.714,17,24,0.708,78
Duke,1,1992-04-06 NCAA,71,Michigan,6,W 71-51,National Final,East,200,25,57,0.439,21,48,0.438,4,9,0.444,17,22,0.773,71,22,58,0.379,21,47,0.447,1,11,0.091,6,12,0.5,51
Michigan,6,1992-04-06 NCAA,51,Duke,1,L 51-71,National Final,Southeast,200,22,58,0.379,21,47,0.447,1,11,0.091,6,12,0.5,51,25,57,0.439,21,48,0.438,4,9,0.444,17,22,0.773,71
Duke,1,1992-04-04 NCAA,81,Indiana,2,W 81-78,National Semi,East,200,23,52,0.442,16,41,0.39,7,11,0.636,28,42,0.667,81,29,58,0.5,21,43,0.488,8,15,0.533,12,16,0.75,78
Indiana,2,1992-04-04 NCAA,78,Duke,1,L 78-81,National Semi,West,200,29,58,0.5,21,43,0.488,8,15,0.533,12,16,0.75,78,23,52,0.442,16,41,0.39,7,11,0.636,28,42,0.667,81
Michigan,6,1992-04-04 NCAA,76,Cincinnati,4,W 76-72,National Semi,Southeast,200,25,53,0.472,21,45,0.467,4,8,0.5,22,29,0.759,76,26,64,0.406,20,42,0.476,6,22,0.273,14,21,0.667,72
Cincinnati,4,1992-04-04 NCAA,72,Michigan,6,L 72-76,National Semi,Midwest,200,26,64,0.406,20,42,0.476,6,22,0.273,14,21,0.667,72,25,53,0.472,21,45,0.467,4,8,0.5,22,29,0.759,76
Duke,2,1991-04-01 NCAA,72,Kansas,3,W 72-65,National Final,Midwest,200,23,41,0.561,17,31,0.548,6,10,0.6,20,28,0.714,72,27,65,0.415,20,47,0.426,7,18,0.389,4,8,0.5,65
Kansas,3,1991-04-01 NCAA,65,Duke,2,L 65-72,National Final,Southeast,200,27,65,0.415,20,47,0.426,7,18,0.389,4,8,0.5,65,23,41,0.561,17,31,0.548,6,10,0.6,20,28,0.714,72
Duke,2,1991-03-30 NCAA,79,UNLV,1,W 79-77,National Semi,Midwest,200,29,56,0.518,25,48,0.521,4,8,0.5,17,21,0.81,79,31,68,0.456,25,53,0.472,6,15,0.4,9,15,0.6,77
Kansas,3,1991-03-30 NCAA,79,North Carolina,1,W 79-73,National Semi,Southeast,200,27,66,0.409,23,52,0.442,4,14,0.286,21,36,0.583,79,28,73,0.384,25,55,0.455,3,18,0.167,14,23,0.609,73
UNLV,1,1991-03-30 NCAA,77,Duke,2,L 77-79,National Semi,West,200,31,68,0.456,25,53,0.472,6,15,0.4,9,15,0.6,77,29,56,0.518,25,48,0.521,4,8,0.5,17,21,0.81,79
North Carolina,1,1991-03-30 NCAA,73,Kansas,3,L 73-79,National Semi,East,200,28,73,0.384,25,55,0.455,3,18,0.167,14,23,0.609,73,27,66,0.409,23,52,0.442,4,14,0.286,21,36,0.583,79
UNLV,1,1990-04-02 NCAA,103,Duke,3,W 103-73,National Final,West,200,41,67,0.612,33,53,0.623,8,14,0.571,13,17,0.765,103,26,61,0.426,25,50,0.5,1,11,0.091,20,27,0.741,73
Duke,3,1990-04-02 NCAA,73,UNLV,1,L 73-103,National Final,East,200,26,61,0.426,25,50,0.5,1,11,0.091,20,27,0.741,73,41,67,0.612,33,53,0.623,8,14,0.571,13,17,0.765,103
Duke,3,1990-03-31 NCAA,97,Arkansas,4,W 97-83,National Semi,East,200,33,61,0.541,30,52,0.577,3,9,0.333,28,39,0.718,97,29,73,0.397,23,52,0.442,6,21,0.286,19,26,0.731,83
UNLV,1,1990-03-31 NCAA,90,Georgia Tech,4,W 90-81,National Semi,West,200,34,65,0.523,24,50,0.48,10,15,0.667,12,19,0.632,90,30,59,0.508,22,38,0.579,8,21,0.381,13,21,0.619,81
Arkansas,4,1990-03-31 NCAA,83,Duke,3,L 83-97,National Semi,Midwest,200,29,73,0.397,23,52,0.442,6,21,0.286,19,26,0.731,83,33,61,0.541,30,52,0.577,3,9,0.333,28,39,0.718,97
Georgia Tech,4,1990-03-31 NCAA,81,UNLV,1,L 81-90,National Semi,Southeast,200,30,59,0.508,22,38,0.579,8,21,0.381,13,21,0.619,81,34,65,0.523,24,50,0.48,10,15,0.667,12,19,0.632,90
Michigan,3,1989-04-03 NCAA,80,Seton Hall,3,W 80-79 (OT),National Final,Southeast,225,30,67,0.448,24,51,0.471,6,16,0.375,14,16,0.875,80,28,65,0.431,21,42,0.5,7,23,0.304,16,22,0.727,79
Seton Hall,3,1989-04-03 NCAA,79,Michigan,3,L 79-80 (OT),National Final,West,225,28,65,0.431,21,42,0.5,7,23,0.304,16,22,0.727,79,30,67,0.448,24,51,0.471,6,16,0.375,14,16,0.875,80
Seton Hall,3,1989-04-01 NCAA,95,Duke,2,W 95-78,National Semi,West,200,33,62,0.532,27,50,0.54,6,12,0.5,23,27,0.852,95,26,72,0.361,22,56,0.393,4,16,0.25,22,32,0.688,78
Michigan,3,1989-04-01 NCAA,83,Illinois,1,W 83-81,National Semi,Southeast,200,36,77,0.468,33,69,0.478,3,8,0.375,8,11,0.727,83,30,67,0.448,28,59,0.475,2,8,0.25,19,23,0.826,81
Illinois,1,1989-04-01 NCAA,81,Michigan,3,L 81-83,National Semi,Midwest,200,30,67,0.448,28,59,0.475,2,8,0.25,19,23,0.826,81,36,77,0.468,33,69,0.478,3,8,0.375,8,11,0.727,83
Duke,2,1989-04-01 NCAA,78,Seton Hall,3,L 78-95,National Semi,East,200,26,72,0.361,22,56,0.393,4,16,0.25,22,32,0.688,78,33,62,0.532,27,50,0.54,6,12,0.5,23,27,0.852,95
Kansas,6,1988-04-04 NCAA,83,Oklahoma,1,W 83-79,National Final,Midwest,200,35,55,0.636,31,49,0.633,4,6,0.667,9,14,0.643,83,30,70,0.429,20,46,0.435,10,24,0.417,9,13,0.692,79
Oklahoma,1,1988-04-04 NCAA,79,Kansas,6,L 79-83,National Final,Southeast,200,30,70,0.429,20,46,0.435,10,24,0.417,9,13,0.692,79,35,55,0.636,31,49,0.633,4,6,0.667,9,14,0.643,83
Oklahoma,1,1988-04-02 NCAA,86,Arizona,1,W 86-78,National Semi,Southeast,200,30,64,0.469,26,50,0.52,4,14,0.286,22,34,0.647,86,32,72,0.444,26,49,0.531,6,23,0.261,8,11,0.727,78
Arizona,1,1988-04-02 NCAA,78,Oklahoma,1,L 78-86,National Semi,West,200,32,72,0.444,26,49,0.531,6,23,0.261,8,11,0.727,78,30,64,0.469,26,50,0.52,4,14,0.286,22,34,0.647,86
Kansas,6,1988-04-02 NCAA,66,Duke,2,W 66-59,National Semi,Midwest,200,26,52,0.5,24,48,0.5,2,4,0.5,12,15,0.8,66,23,67,0.343,20,53,0.377,3,14,0.214,10,17,0.588,59
Duke,2,1988-04-02 NCAA,59,Kansas,6,L 59-66,National Semi,East,200,23,67,0.343,20,53,0.377,3,14,0.214,10,17,0.588,59,26,52,0.5,24,48,0.5,2,4,0.5,12,15,0.8,66
Indiana,1,1987-03-30 NCAA,74,Syracuse,2,W 74-73,National Final,Midwest,200,30,62,0.484,23,51,0.451,7,11,0.636,7,12,0.583,74,29,60,0.483,25,50,0.5,4,10,0.4,11,20,0.55,73
Syracuse,2,1987-03-30 NCAA,73,Indiana,1,L 73-74,National Final,East,200,29,60,0.483,25,50,0.5,4,10,0.4,11,20,0.55,73,30,62,0.484,23,51,0.451,7,11,0.636,7,12,0.583,74
Indiana,1,1987-03-28 NCAA,97,UNLV,1,W 97-93,National Semi,Midwest,200,37,60,0.617,35,56,0.625,2,4,0.5,21,28,0.75,97,35,82,0.427,22,47,0.468,13,35,0.371,10,19,0.526,93
UNLV,1,1987-03-28 NCAA,93,Indiana,1,L 93-97,National Semi,West,200,35,82,0.427,22,47,0.468,13,35,0.371,10,19,0.526,93,37,60,0.617,35,56,0.625,2,4,0.5,21,28,0.75,97
Syracuse,2,1987-03-28 NCAA,77,Providence,6,W 77-63,National Semi,East,200,24,53,0.453,21,45,0.467,3,8,0.375,26,44,0.591,77,24,66,0.364,19,47,0.404,5,19,0.263,10,15,0.667,63
Providence,6,1987-03-28 NCAA,63,Syracuse,2,L 63-77,National Semi,Southeast,200,24,66,0.364,19,47,0.404,5,19,0.263,10,15,0.667,63,24,53,0.453,21,45,0.467,3,8,0.375,26,44,0.591,77
Louisville,2,1986-03-31 NCAA,72,Duke,1,W 72-69,National Final,West,200,29,50,0.58,29,50,0.58,,,,14,21,0.667,72,25,62,0.403,25,62,0.403,,,,19,21,0.905,69
Duke,1,1986-03-31 NCAA,69,Louisville,2,L 69-72,National Final,East,200,25,62,0.403,25,62,0.403,,,,19,21,0.905,69,29,50,0.58,29,50,0.58,,,,14,21,0.667,72
Louisville,2,1986-03-29 NCAA,88,LSU,11,W 88-77,National Semi,West,200,38,68,0.559,38,68,0.559,,,,12,17,0.706,88,34,75,0.453,34,75,0.453,,,,9,15,0.6,77
LSU,11,1986-03-29 NCAA,77,Louisville,2,L 77-88,National Semi,Southeast,200,34,75,0.453,34,75,0.453,,,,9,15,0.6,77,38,68,0.559,38,68,0.559,,,,12,17,0.706,88
Duke,1,1986-03-29 NCAA,71,Kansas,1,W 71-67,National Semi,East,200,25,55,0.455,25,55,0.455,,,,21,30,0.7,71,29,60,0.483,29,60,0.483,,,,9,12,0.75,67
Kansas,1,1986-03-29 NCAA,67,Duke,1,L 67-71,National Semi,Midwest,200,29,60,0.483,29,60,0.483,,,,9,12,0.75,67,25,55,0.455,25,55,0.455,,,,21,30,0.7,71
Villanova,8,1985-04-01 NCAA,66,Georgetown,1,W 66-64,National Final,Southeast,200,22,28,0.786,22,28,0.786,,,,22,27,0.815,66,29,53,0.547,29,53,0.547,,,,6,8,0.75,64
Georgetown,1,1985-04-01 NCAA,64,Villanova,8,L 64-66,National Final,East,200,29,53,0.547,29,53,0.547,,,,6,8,0.75,64,22,28,0.786,22,28,0.786,,,,22,27,0.815,66
Georgetown,1,1985-03-30 NCAA,77,St. John's (NY),1,W 77-59,National Semi,East,200,29,57,0.509,29,57,0.509,,,,19,24,0.792,77,23,42,0.548,23,42,0.548,,,,13,19,0.684,59
St. John's (NY),1,1985-03-30 NCAA,59,Georgetown,1,L 59-77,National Semi,West,200,23,42,0.548,23,42,0.548,,,,13,19,0.684,59,29,57,0.509,29,57,0.509,,,,19,24,0.792,77
Villanova,8,1985-03-30 NCAA,52,Memphis State,2,W 52-45,National Semi,Southeast,200,16,38,0.421,16,38,0.421,,,,20,26,0.769,52,19,50,0.38,19,50,0.38,,,,7,9,0.778,45
Memphis,2,1985-03-30 NCAA,45,Villanova,8,L 45-52,National Semi,Midwest,200,19,50,0.38,19,50,0.38,,,,7,9,0.778,45,16,38,0.421,16,38,0.421,,,,20,26,0.769,52
Georgetown,1,1984-04-02 NCAA,84,Houston,2,W 84-75,National Final,West,200,34,60,0.567,34,60,0.567,,,,16,22,0.727,84,31,56,0.554,31,56,0.554,,,,13,22,0.591,75
Houston,2,1984-04-02 NCAA,75,Georgetown,1,L 75-84,National Final,Midwest,200,31,56,0.554,31,56,0.554,,,,13,22,0.591,75,34,60,0.567,34,60,0.567,,,,16,22,0.727,84
Georgetown,1,1984-03-31 NCAA,53,Kentucky,1,W 53-40,National Semi,West,200,23,50,0.46,23,50,0.46,,,,7,15,0.467,53,13,53,0.245,13,53,0.245,,,,14,16,0.875,40
Houston,2,1984-03-31 NCAA,49,Virginia,7,W 49-47 (OT),National Semi,Midwest,,21,42,0.5,21,42,0.5,,,,7,12,0.583,49,21,54,0.389,21,54,0.389,,,,5,7,0.714,47
Virginia,7,1984-03-31 NCAA,47,Houston,2,L 47-49 (OT),National Semi,East,225,21,54,0.389,21,54,0.389,,,,5,7,0.714,47,21,42,0.5,21,42,0.5,,,,7,12,0.583,49
Kentucky,1,1984-03-31 NCAA,40,Georgetown,1,L 40-53,National Semi,Mideast,200,13,53,0.245,13,53,0.245,,,,14,16,0.875,40,23,50,0.46,23,50,0.46,,,,7,15,0.467,53
NC State,6,1983-04-04 NCAA,54,Houston,1,W 54-52,National Final,West,200,23,59,0.39,23,59,0.39,,,,8,11,0.727,54,21,55,0.382,21,55,0.382,,,,10,19,0.526,52
Houston,1,1983-04-04 NCAA,52,NC State,6,L 52-54,National Final,Midwest,200,21,55,0.382,21,55,0.382,,,,10,19,0.526,52,23,59,0.39,23,59,0.39,,,,8,11,0.727,54
Houston,1,1983-04-02 NCAA,94,Louisville,1,W 94-81,National Semi,Midwest,200,41,74,0.554,41,74,0.554,,,,12,23,0.522,94,32,70,0.457,32,70,0.457,,,,17,27,0.63,81
Louisville,1,1983-04-02 NCAA,81,Houston,1,L 81-94,National Semi,Mideast,200,32,70,0.457,32,70,0.457,,,,17,27,0.63,81,41,74,0.554,41,74,0.554,,,,12,23,0.522,94
NC State,6,1983-04-02 NCAA,67,Georgia,4,W 67-60,National Semi,West,200,28,52,0.538,28,52,0.538,,,,11,15,0.733,67,26,74,0.351,26,74,0.351,,,,8,13,0.615,60
Georgia,4,1983-04-02 NCAA,60,NC State,6,L 60-67,National Semi,East,200,26,74,0.351,26,74,0.351,,,,8,13,0.615,60,28,52,0.538,28,52,0.538,,,,11,15,0.733,67
North Carolina,1,1982-03-29 NCAA,63,Georgetown,1,W 63-62,National Final,East,200,25,47,0.532,25,47,0.532,,,,13,22,0.591,63,27,51,0.529,27,51,0.529,,,,8,9,0.889,62
Georgetown,1,1982-03-29 NCAA,62,North Carolina,1,L 62-63,National Final,West,200,27,51,0.529,27,51,0.529,,,,8,9,0.889,62,25,47,0.532,25,47,0.532,,,,13,22,0.591,63
North Carolina,1,1982-03-27 NCAA,68,Houston,6,W 68-63,National Semi,East,200,26,44,0.591,26,44,0.591,,,,16,19,0.842,68,27,64,0.422,27,64,0.422,,,,9,14,0.643,63
Houston,6,1982-03-27 NCAA,63,North Carolina,1,L 63-68,National Semi,Midwest,200,27,64,0.422,27,64,0.422,,,,9,14,0.643,63,26,44,0.591,26,44,0.591,,,,16,19,0.842,68
Georgetown,1,1982-03-27 NCAA,50,Louisville,3,W 50-46,National Semi,West,200,18,41,0.439,18,41,0.439,,,,14,20,0.7,50,19,48,0.396,19,48,0.396,,,,8,12,0.667,46
Louisville,3,1982-03-27 NCAA,46,Georgetown,1,L 46-50,National Semi,Mideast,200,19,48,0.396,19,48,0.396,,,,8,12,0.667,46,18,41,0.439,18,41,0.439,,,,14,20,0.7,50
Virginia,1,1981-03-30 NCAA,78,Louisiana State,1,W 78-74,National 3rd,East,200,22,58,0.379,22,58,0.379,,,,34,38,0.895,78,32,69,0.464,32,69,0.464,,,,10,18,0.556,74
LSU,1,1981-03-30 NCAA,74,Virginia,1,L 74-78,National 3rd,Midwest,200,32,69,0.464,32,69,0.464,,,,10,18,0.556,74,22,58,0.379,22,58,0.379,,,,34,38,0.895,78
Indiana,3,1981-03-30 NCAA,63,North Carolina,2,W 63-50,National Final,Mideast,200,23,48,0.479,23,48,0.479,,,,17,22,0.773,63,20,47,0.426,20,47,0.426,,,,10,16,0.625,50
North Carolina,2,1981-03-30 NCAA,50,Indiana,3,L 50-63,National Final,West,200,20,47,0.426,20,47,0.426,,,,10,16,0.625,50,23,48,0.479,23,48,0.479,,,,17,22,0.773,63
North Carolina,2,1981-03-28 NCAA,78,Virginia,1,W 78-65,National Semi,West,200,25,47,0.532,25,47,0.532,,,,28,37,0.757,78,26,61,0.426,26,61,0.426,,,,13,15,0.867,65
Indiana,3,1981-03-28 NCAA,67,Louisiana State,1,W 67-49,National Semi,Mideast,200,23,63,0.365,23,63,0.365,,,,21,27,0.778,67,19,59,0.322,19,59,0.322,,,,11,14,0.786,49
Virginia,1,1981-03-28 NCAA,65,North Carolina,2,L 65-78,National Semi,East,200,26,61,0.426,26,61,0.426,,,,13,15,0.867,65,25,47,0.532,25,47,0.532,,,,28,37,0.757,78
LSU,1,1981-03-28 NCAA,49,Indiana,3,L 49-67,National Semi,Midwest,200,19,59,0.322,19,59,0.322,,,,11,14,0.786,49,23,63,0.365,23,63,0.365,,,,21,27,0.778,67
Purdue,6,1980-03-24 NCAA,75,Iowa,5,W 75-58,National 3rd,Mideast,200,29,49,0.592,29,49,0.592,,,,17,28,0.607,75,23,65,0.354,23,65,0.354,,,,12,19,0.632,58
Louisville,2,1980-03-24 NCAA,59,UCLA,8,W 59-54,National Final,Midwest,200,24,53,0.453,24,53,0.453,,,,11,20,0.55,59,19,52,0.365,19,52,0.365,,,,16,18,0.889,54
Iowa,5,1980-03-24 NCAA,58,Purdue,6,L 58-75,National 3rd,East,200,23,65,0.354,23,65,0.354,,,,12,19,0.632,58,29,49,0.592,29,49,0.592,,,,17,28,0.607,75
UCLA,8,1980-03-24 NCAA,54,Louisville,2,L 54-59,National Final,West,200,19,52,0.365,19,52,0.365,,,,16,18,0.889,54,24,53,0.453,24,53,0.453,,,,11,20,0.55,59
Louisville,2,1980-03-22 NCAA,80,Iowa,5,W 80-72,National Semi,Midwest,200,28,47,0.596,28,47,0.596,,,,24,31,0.774,80,29,66,0.439,29,66,0.439,,,,14,15,0.933,72
Iowa,5,1980-03-22 NCAA,72,Louisville,2,L 72-80,National Semi,East,200,29,66,0.439,29,66,0.439,,,,14,15,0.933,72,28,47,0.596,28,47,0.596,,,,24,31,0.774,80
UCLA,8,1980-03-22 NCAA,67,Purdue,6,W 67-62,National Semi,West,200,23,46,0.5,23,46,0.5,,,,21,25,0.84,67,25,58,0.431,25,58,0.431,,,,12,17,0.706,62
Purdue,6,1980-03-22 NCAA,62,UCLA,8,L 62-67,National Semi,Mideast,200,25,58,0.431,25,58,0.431,,,,12,17,0.706,62,23,46,0.5,23,46,0.5,,,,21,25,0.84,67
DePaul,2,1979-03-26 NCAA,96,Pennsylvania,9,W 96-93 (OT),National 3rd,West,225,31,68,0.456,31,68,0.456,,,,34,39,0.872,96,41,94,0.436,41,94,0.436,,,,11,19,0.579,93
Pennsylvania,9,1979-03-26 NCAA,93,DePaul,2,L 93-96 (OT),National 3rd,East,225,41,94,0.436,41,94,0.436,,,,11,19,0.579,93,31,68,0.456,31,68,0.456,,,,34,39,0.872,96
Michigan State,2,1979-03-26 NCAA,75,Indiana State,1,W 75-64,National Final,Mideast,200,26,43,0.605,26,43,0.605,,,,23,33,0.697,75,27,64,0.422,27,64,0.422,,,,10,22,0.455,64
Indiana State,1,1979-03-26 NCAA,64,Michigan State,2,L 64-75,National Final,Midwest,200,27,64,0.422,27,64,0.422,,,,10,22,0.455,64,26,43,0.605,26,43,0.605,,,,23,33,0.697,75
Michigan State,2,1979-03-24 NCAA,101,Pennsylvania,9,W 101-67,National Semi,Mideast,200,38,60,0.633,38,60,0.633,,,,25,34,0.735,101,24,82,0.293,24,82,0.293,,,,19,24,0.792,67
Indiana State,1,1979-03-24 NCAA,76,DePaul,2,W 76-74,National Semi,Midwest,200,35,56,0.625,35,56,0.625,,,,6,9,0.667,76,36,66,0.545,36,66,0.545,,,,2,5,0.4,74
DePaul,2,1979-03-24 NCAA,74,Indiana State,1,L 74-76,National Semi,West,200,36,66,0.545,36,66,0.545,,,,2,5,0.4,74,35,56,0.625,35,56,0.625,,,,6,9,0.667,76
Penn,9,1979-03-24 NCAA,67,Michigan State,2,L 67-101,National Semi,East,200,24,82,0.293,24,82,0.293,,,,19,24,0.792,67,38,60,0.633,38,60,0.633,,,,25,34,0.735,101
Kentucky,,1978-03-27 NCAA,94,Duke,,W 94-88,National Final,Mideast,200,39,68,0.574,39,68,0.574,,,,16,25,0.64,94,29,59,0.492,29,59,0.492,,,,30,34,0.882,88
Duke,,1978-03-27 NCAA,88,Kentucky,,L 88-94,National Final,East,200,29,59,0.492,29,59,0.492,,,,30,34,0.882,88,39,68,0.574,39,68,0.574,,,,16,25,0.64,94
Arkansas,,1978-03-27 NCAA,71,Notre Dame,,W 71-69,National 3rd,West,200,26,52,0.5,26,52,0.5,,,,19,23,0.826,71,27,59,0.458,27,59,0.458,,,,15,23,0.652,69
Notre Dame,,1978-03-27 NCAA,69,Arkansas,,L 69-71,National 3rd,Midwest,200,27,59,0.458,27,59,0.458,,,,15,23,0.652,69,26,52,0.5,26,52,0.5,,,,19,23,0.826,71
Duke,,1978-03-25 NCAA,90,Notre Dame,,W 90-86,National Semi,East,200,29,53,0.547,29,53,0.547,,,,32,37,0.865,90,36,77,0.468,36,77,0.468,,,,14,17,0.824,86
Notre Dame,,1978-03-25 NCAA,86,Duke,,L 86-90,National Semi,Midwest,200,36,77,0.468,36,77,0.468,,,,14,17,0.824,86,29,53,0.547,29,53,0.547,,,,32,37,0.865,90
Kentucky,,1978-03-25 NCAA,64,Arkansas,,W 64-59,National Semi,Mideast,200,24,51,0.471,24,51,0.471,,,,16,20,0.8,64,21,44,0.477,21,44,0.477,,,,17,26,0.654,59
Arkansas,,1978-03-25 NCAA,59,Kentucky,,L 59-64,National Semi,West,200,21,44,0.477,21,44,0.477,,,,17,26,0.654,59,24,51,0.471,24,51,0.471,,,,16,20,0.8,64
UNLV,,1977-03-28 NCAA,106,Charlotte,,W 106-94,National 3rd,West,200,47,95,0.495,47,95,0.495,,,,12,18,0.667,106,36,72,0.5,36,72,0.5,,,,22,26,0.846,94
Charlotte,,1977-03-28 NCAA,94,UNLV,,L 94-106,National 3rd,Mideast,200,36,72,0.5,36,72,0.5,,,,22,26,0.846,94,47,95,0.495,47,95,0.495,,,,12,18,0.667,106
Marquette,,1977-03-28 NCAA,67,North Carolina,,W 67-59,National Final,Midwest,200,22,47,0.468,22,47,0.468,,,,23,25,0.92,67,24,51,0.471,24,51,0.471,,,,11,16,0.688,59
North Carolina,,1977-03-28 NCAA,59,Marquette,,L 59-67,National Final,East,200,24,51,0.471,24,51,0.471,,,,11,16,0.688,59,22,47,0.468,22,47,0.468,,,,23,25,0.92,67
North Carolina,,1977-03-26 NCAA,84,UNLV,,W 84-83,National Semi,East,200,33,56,0.589,33,56,0.589,,,,18,28,0.643,84,41,80,0.513,41,80,0.513,,,,1,5,0.2,83
UNLV,,1977-03-26 NCAA,83,North Carolina,,L 83-84,National Semi,West,200,41,80,0.513,41,80,0.513,,,,1,5,0.2,83,33,56,0.589,33,56,0.589,,,,18,28,0.643,84
Marquette,,1977-03-26 NCAA,51,Charlotte,,W 51-49,National Semi,Midwest,200,23,58,0.397,23,58,0.397,,,,5,7,0.714,51,19,43,0.442,19,43,0.442,,,,11,14,0.786,49
Charlotte,,1977-03-26 NCAA,49,Marquette,,L 49-51,National Semi,Mideast,200,19,43,0.442,19,43,0.442,,,,11,14,0.786,49,23,58,0.397,23,58,0.397,,,,5,7,0.714,51
UCLA,,1976-03-29 NCAA,106,Rutgers,,W 106-92,National 3rd,West,200,44,80,0.55,44,80,0.55,,,,18,24,0.75,106,38,100,0.38,38,100,0.38,,,,16,27,0.593,92
Rutgers,,1976-03-29 NCAA,92,UCLA,,L 92-106,National 3rd,East,200,38,100,0.38,38,100,0.38,,,,16,27,0.593,92,44,80,0.55,44,80,0.55,,,,18,24,0.75,106
Indiana,,1976-03-29 NCAA,86,Michigan,,W 86-68,National Final,Mideast,200,32,61,0.525,32,61,0.525,,,,22,28,0.786,86,27,57,0.474,27,57,0.474,,,,14,19,0.737,68
Michigan,,1976-03-29 NCAA,68,Indiana,,L 68-86,National Final,Midwest,200,27,57,0.474,27,57,0.474,,,,14,19,0.737,68,32,61,0.525,32,61,0.525,,,,22,28,0.786,86
Michigan,,1976-03-27 NCAA,86,Rutgers,,W 86-70,National Semi,Midwest,200,35,70,0.5,35,70,0.5,,,,16,21,0.762,86,30,77,0.39,30,77,0.39,,,,10,16,0.625,70
Rutgers,,1976-03-27 NCAA,70,Michigan,,L 70-86,National Semi,East,200,30,77,0.39,30,77,0.39,,,,10,16,0.625,70,35,70,0.5,35,70,0.5,,,,16,21,0.762,86
Indiana,,1976-03-27 NCAA,65,UCLA,,W 65-51,National Semi,Mideast,200,26,59,0.441,26,59,0.441,,,,13,21,0.619,65,21,61,0.344,21,61,0.344,,,,9,13,0.692,51
UCLA,,1976-03-27 NCAA,51,Indiana,,L 51-65,National Semi,West,200,21,61,0.344,21,61,0.344,,,,9,13,0.692,51,26,59,0.441,26,59,0.441,,,,13,21,0.619,65
Louisville,,1975-03-31 NCAA,96,Syracuse,,W 96-88 (OT),National 3rd,Midwest,225,39,72,0.542,39,72,0.542,,,,18,26,0.692,96,37,86,0.43,37,86,0.43,,,,14,17,0.824,88
UCLA,,1975-03-31 NCAA,92,Kentucky,,W 92-85,National Final,West,200,38,78,0.487,38,78,0.487,,,,16,25,0.64,92,33,86,0.384,33,86,0.384,,,,19,25,0.76,85
Syracuse,,1975-03-31 NCAA,88,Louisville,,L 88-96 (OT),National 3rd,East,225,37,86,0.43,37,86,0.43,,,,14,17,0.824,88,39,72,0.542,39,72,0.542,,,,18,26,0.692,96
Kentucky,,1975-03-31 NCAA,85,UCLA,,L 85-92,National Final,Mideast,200,33,86,0.384,33,86,0.384,,,,19,25,0.76,85,38,78,0.487,38,78,0.487,,,,16,25,0.64,92
Kentucky,,1975-03-29 NCAA,95,Syracuse,,W 95-79,National Semi,Mideast,200,37,78,0.474,37,78,0.474,,,,21,38,0.553,95,30,61,0.492,30,61,0.492,,,,19,32,0.594,79
Syracuse,,1975-03-29 NCAA,79,Kentucky,,L 79-95,National Semi,East,200,30,61,0.492,30,61,0.492,,,,19,32,0.594,79,37,78,0.474,37,78,0.474,,,,21,38,0.553,95
UCLA,,1975-03-29 NCAA,75,Louisville,,W 75-74 (OT),National Semi,West,225,33,73,0.452,33,73,0.452,,,,9,14,0.643,75,29,65,0.446,29,65,0.446,,,,16,27,0.593,74
Louisville,,1975-03-29 NCAA,74,UCLA,,L 74-75 (OT),National Semi,Midwest,225,29,65,0.446,29,65,0.446,,,,16,27,0.593,74,33,73,0.452,33,73,0.452,,,,9,14,0.643,75
UCLA,,1974-03-25 NCAA,78,Kansas,,W 78-61,National 3rd,West,200,32,59,0.542,32,59,0.542,,,,14,24,0.583,78,24,69,0.348,24,69,0.348,,,,13,16,0.813,61
NC State,,1974-03-25 NCAA,76,Marquette,,W 76-64,National Final,East,200,26,46,0.565,26,46,0.565,,,,24,34,0.706,76,25,69,0.362,25,69,0.362,,,,14,21,0.667,64
Marquette,,1974-03-25 NCAA,64,NC State,,L 64-76,National Final,Mideast,200,25,69,0.362,25,69,0.362,,,,14,21,0.667,64,26,46,0.565,26,46,0.565,,,,24,34,0.706,76
Kansas,,1974-03-25 NCAA,61,UCLA,,L 61-78,National 3rd,Midwest,200,24,69,0.348,24,69,0.348,,,,13,16,0.813,61,32,59,0.542,32,59,0.542,,,,14,24,0.583,78
NC State,,1974-03-23 NCAA,80,UCLA,,W 80-77 (2OT),National Semi,East,250,34,77,0.442,34,77,0.442,,,,12,20,0.6,80,33,71,0.465,33,71,0.465,,,,11,13,0.846,77
UCLA,,1974-03-23 NCAA,77,NC State,,L 77-80 (2OT),National Semi,West,250,33,71,0.465,33,71,0.465,,,,11,13,0.846,77,34,77,0.442,34,77,0.442,,,,12,20,0.6,80
Marquette,,1974-03-23 NCAA,64,Kansas,,W 64-51,National Semi,Mideast,200,22,56,0.393,22,56,0.393,,,,20,29,0.69,64,22,52,0.423,22,52,0.423,,,,7,13,0.538,51
Kansas,,1974-03-23 NCAA,51,Marquette,,L 51-64,National Semi,Midwest,200,22,52,0.423,22,52,0.423,,,,7,13,0.538,51,22,56,0.393,22,56,0.393,,,,20,29,0.69,64
Indiana,,1973-03-26 NCAA,97,Providence,,W 97-79,National 3rd,Mideast,200,41,76,0.539,41,76,0.539,,,,15,21,0.714,97,28,78,0.359,28,78,0.359,,,,23,27,0.852,79
UCLA,,1973-03-26 NCAA,87,Memphis State,,W 87-66,National Final,West,200,40,62,0.645,40,62,0.645,,,,7,11,0.636,87,24,57,0.421,24,57,0.421,,,,18,24,0.75,66
Providence,,1973-03-26 NCAA,79,Indiana,,L 79-97,National 3rd,East,200,28,78,0.359,28,78,0.359,,,,23,27,0.852,79,41,76,0.539,41,76,0.539,,,,15,21,0.714,97
Memphis,,1973-03-26 NCAA,66,UCLA,,L 66-87,National Final,Midwest,200,24,57,0.421,24,57,0.421,,,,18,24,0.75,66,40,62,0.645,40,62,0.645,,,,7,11,0.636,87
Memphis,,1973-03-24 NCAA,98,Providence,,W 98-85,National Semi,Midwest,200,41,80,0.513,41,80,0.513,,,,16,26,0.615,98,38,82,0.463,38,82,0.463,,,,9,11,0.818,85
Providence,,1973-03-24 NCAA,85,Memphis State,,L 85-98,National Semi,East,200,38,82,0.463,38,82,0.463,,,,9,11,0.818,85,41,80,0.513,41,80,0.513,,,,16,26,0.615,98
UCLA,,1973-03-24 NCAA,70,Indiana,,W 70-59,National Semi,West,,31,53,0.585,31,53,0.585,,,,8,13,0.615,70,28,67,0.418,28,67,0.418,,,,3,6,0.5,59
Indiana,,1973-03-24 NCAA,59,UCLA,,L 59-70,National Semi,Mideast,,28,67,0.418,28,67,0.418,,,,3,6,0.5,59,31,53,0.585,31,53,0.585,,,,8,13,0.615,70
North Carolina,,1972-03-25 NCAA,105,Louisville,,W 105-91,National 3rd,East,200,36,59,0.61,36,59,0.61,,,,33,44,0.75,105,32,78,0.41,32,78,0.41,,,,27,37,0.73,91
Louisville,,1972-03-25 NCAA,91,North Carolina,,L 91-105,National 3rd,Midwest,200,32,78,0.41,32,78,0.41,,,,27,37,0.73,91,36,59,0.61,36,59,0.61,,,,33,44,0.75,105
UCLA,,1972-03-25 NCAA,81,Florida State,,W 81-76,National Final,West,200,36,78,0.462,36,78,0.462,,,,9,18,0.5,81,31,67,0.463,31,67,0.463,,,,14,19,0.737,76
Florida State,,1972-03-25 NCAA,76,UCLA,,L 76-81,National Final,Mideast,200,31,67,0.463,31,67,0.463,,,,14,19,0.737,76,36,78,0.462,36,78,0.462,,,,9,18,0.5,81
UCLA,,1972-03-23 NCAA,96,Louisville,,W 96-77,National Semi,West,200,35,61,0.574,35,61,0.574,,,,26,34,0.765,96,30,74,0.405,30,74,0.405,,,,17,22,0.773,77
Florida State,,1972-03-23 NCAA,79,North Carolina,,W 79-75,National Semi,Mideast,200,25,55,0.455,25,55,0.455,,,,29,43,0.674,79,29,70,0.414,29,70,0.414,,,,17,25,0.68,75
Louisville,,1972-03-23 NCAA,77,UCLA,,L 77-96,National Semi,Midwest,200,30,74,0.405,30,74,0.405,,,,17,22,0.773,77,35,61,0.574,35,61,0.574,,,,26,34,0.765,96
North Carolina,,1972-03-23 NCAA,75,Florida State,,L 75-79,National Semi,East,200,29,70,0.414,29,70,0.414,,,,17,25,0.68,75,25,55,0.455,25,55,0.455,,,,29,43,0.674,79
Western Kentucky,,1971-03-27 NCAA,77,Kansas,,W 77-75,National 3rd,Mideast,200,28,76,0.368,28,76,0.368,,,,21,31,0.677,77,30,83,0.361,30,83,0.361,,,,15,27,0.556,75
Kansas,,1971-03-27 NCAA,75,Western Kentucky,,L 75-77,National 3rd,Midwest,200,30,83,0.361,30,83,0.361,,,,15,27,0.556,75,28,76,0.368,28,76,0.368,,,,21,31,0.677,77
UCLA,,1971-03-27 NCAA,68,Villanova,,W 68-62,National Final,West,200,27,49,0.551,27,49,0.551,,,,14,18,0.778,68,26,62,0.419,26,62,0.419,,,,10,13,0.769,62
Villanova,,1971-03-27 NCAA,62,UCLA,,L 62-68,National Final,East,200,26,62,0.419,26,62,0.419,,,,10,13,0.769,62,27,49,0.551,27,49,0.551,,,,14,18,0.778,68
Villanova,,1971-03-25 NCAA,92,Western Kentucky,,W 92-89 (2OT),National Semi,East,250,36,73,0.493,36,73,0.493,,,,20,31,0.645,92,39,105,0.371,39,105,0.371,,,,11,20,0.55,89
Western Kentucky,,1971-03-25 NCAA,89,Villanova,,L 89-92 (2OT),National Semi,Mideast,250,39,105,0.371,39,105,0.371,,,,11,20,0.55,89,36,73,0.493,36,73,0.493,,,,20,31,0.645,92
UCLA,,1971-03-25 NCAA,68,Kansas,,W 68-60,National Semi,West,200,23,47,0.489,23,47,0.489,,,,22,30,0.733,68,24,60,0.4,24,60,0.4,,,,12,23,0.522,60
Kansas,,1971-03-25 NCAA,60,UCLA,,L 60-68,National Semi,Midwest,200,24,60,0.4,24,60,0.4,,,,12,23,0.522,60,23,47,0.489,23,47,0.489,,,,22,30,0.733,68
UCLA,,1970-03-21 NCAA,80,Jacksonville,,W 80-69,National Final,West,200,28,63,0.444,28,63,0.444,,,,24,35,0.686,80,31,80,0.388,31,80,0.388,,,,7,8,0.875,69
New Mexico State,,1970-03-21 NCAA,79,St. Bonaventure,,W 79-73,National 3rd,Midwest,200,33,77,0.429,33,77,0.429,,,,13,18,0.722,79,31,71,0.437,31,71,0.437,,,,11,16,0.688,73
St. Bonaventure,,1970-03-21 NCAA,73,New Mexico State,,L 73-79,National 3rd,East,200,31,71,0.437,31,71,0.437,,,,11,16,0.688,73,33,77,0.429,33,77,0.429,,,,13,18,0.722,79
Jacksonville,,1970-03-21 NCAA,69,UCLA,,L 69-80,National Final,Mideast,200,31,80,0.388,31,80,0.388,,,,7,8,0.875,69,28,63,0.444,28,63,0.444,,,,24,35,0.686,80
UCLA,,1970-03-19 NCAA,93,New Mexico State,,W 93-77,National Semi,West,200,35,63,0.556,35,63,0.556,,,,23,32,0.719,93,31,80,0.388,31,80,0.388,,,,15,20,0.75,77
Jacksonville,,1970-03-19 NCAA,91,St. Bonaventure,,W 91-83,National Semi,Mideast,200,27,63,0.429,27,63,0.429,,,,37,45,0.822,91,34,86,0.395,34,86,0.395,,,,15,22,0.682,83
St. Bonaventure,,1970-03-19 NCAA,83,Jacksonville,,L 83-91,National Semi,East,200,34,86,0.395,34,86,0.395,,,,15,22,0.682,83,27,63,0.429,27,63,0.429,,,,37,45,0.822,91
New Mexico St.,,1970-03-19 NCAA,77,UCLA,,L 77-93,National Semi,Midwest,200,31,80,0.388,31,80,0.388,,,,15,20,0.75,77,35,63,0.556,35,63,0.556,,,,23,32,0.719,93
Drake,,1969-03-22 NCAA,104,North Carolina,,W 104-84,National 3rd,Midwest,200,45,80,0.563,45,80,0.563,,,,14,18,0.778,104,32,68,0.471,32,68,0.471,,,,20,31,0.645,84
UCLA,,1969-03-22 NCAA,92,Purdue,,W 92-72,National Final,West,200,32,58,0.552,32,58,0.552,,,,28,41,0.683,92,27,92,0.293,27,92,0.293,,,,18,24,0.75,72
North Carolina,,1969-03-22 NCAA,84,Drake,,L 84-104,National 3rd,East,200,32,68,0.471,32,68,0.471,,,,20,31,0.645,84,45,80,0.563,45,80,0.563,,,,14,18,0.778,104
Purdue,,1969-03-22 NCAA,72,UCLA,,L 72-92,National Final,Mideast,200,27,92,0.293,27,92,0.293,,,,18,24,0.75,72,32,58,0.552,32,58,0.552,,,,28,41,0.683,92
Purdue,,1969-03-20 NCAA,92,North Carolina,,W 92-65,National Semi,Mideast,200,38,78,0.487,38,78,0.487,,,,16,22,0.727,92,25,62,0.403,25,62,0.403,,,,15,25,0.6,65
UCLA,,1969-03-20 NCAA,85,Drake,,W 85-82,National Semi,West,200,28,50,0.56,28,50,0.56,,,,29,44,0.659,85,32,83,0.386,32,83,0.386,,,,18,24,0.75,82
Drake,,1969-03-20 NCAA,82,UCLA,,L 82-85,National Semi,Midwest,200,32,83,0.386,32,83,0.386,,,,18,24,0.75,82,28,50,0.56,28,50,0.56,,,,29,44,0.659,85
North Carolina,,1969-03-20 NCAA,65,Purdue,,L 65-92,National Semi,East,200,25,62,0.403,25,62,0.403,,,,15,25,0.6,65,38,78,0.487,38,78,0.487,,,,16,22,0.727,92
Ohio State,,1968-03-23 NCAA,89,Houston,,W 89-85,National 3rd,Mideast,200,34,77,0.442,34,77,0.442,,,,21,26,0.808,89,38,95,0.4,38,95,0.4,,,,9,16,0.563,85
Houston,,1968-03-23 NCAA,85,Ohio State,,L 85-89,National 3rd,Midwest,200,38,95,0.4,38,95,0.4,,,,9,16,0.563,85,34,77,0.442,34,77,0.442,,,,21,26,0.808,89
UCLA,,1968-03-23 NCAA,78,North Carolina,,W 78-55,National Final,West,200,31,60,0.517,31,60,0.517,,,,16,21,0.762,78,22,63,0.349,22,63,0.349,,,,11,19,0.579,55
North Carolina,,1968-03-23 NCAA,55,UCLA,,L 55-78,National Final,East,200,22,63,0.349,22,63,0.349,,,,11,19,0.579,55,31,60,0.517,31,60,0.517,,,,16,21,0.762,78
UCLA,,1968-03-22 NCAA,101,Houston,,W 101-69,National Semi,West,200,43,83,0.518,43,83,0.518,,,,15,18,0.833,101,22,78,0.282,22,78,0.282,,,,25,37,0.676,69
UNC,,1968-03-22 NCAA,80,Ohio State,,W 80-66,National Semi,East,200,33,71,0.465,33,71,0.465,,,,14,20,0.7,80,28,79,0.354,28,79,0.354,,,,10,18,0.556,66
Houston,,1968-03-22 NCAA,69,UCLA,,L 69-101,National Semi,Midwest,200,22,78,0.282,22,78,0.282,,,,25,37,0.676,69,43,83,0.518,43,83,0.518,,,,15,18,0.833,101
Ohio State,,1968-03-22 NCAA,66,North Carolina,,L 66-80,National Semi,Mideast,200,28,79,0.354,28,79,0.354,,,,10,18,0.556,66,33,71,0.465,33,71,0.465,,,,14,20,0.7,80
Houston,,1967-03-25 NCAA,84,North Carolina,,W 84-62,National 3rd,Midwest,200,33,78,0.423,33,78,0.423,,,,18,29,0.621,84,24,85,0.282,24,85,0.282,,,,14,25,0.56,62
UCLA,,1967-03-25 NCAA,79,Dayton,,W 79-64,National Final,West,200,34,69,0.493,34,69,0.493,,,,11,25,0.44,79,26,76,0.342,26,76,0.342,,,,12,18,0.667,64
Dayton,,1967-03-25 NCAA,64,UCLA,,L 64-79,National Final,Mideast,200,26,76,0.342,26,76,0.342,,,,12,18,0.667,64,34,69,0.493,34,69,0.493,,,,11,25,0.44,79
North Carolina,,1967-03-25 NCAA,62,Houston,,L 62-84,National 3rd,East,200,24,85,0.282,24,85,0.282,,,,14,25,0.56,62,33,78,0.423,33,78,0.423,,,,18,29,0.621,84
Dayton,,1967-03-24 NCAA,76,North Carolina,,W 76-62,National Semi,Mideast,200,28,56,0.5,28,56,0.5,,,,20,31,0.645,76,26,72,0.361,26,72,0.361,,,,10,12,0.833,62
UCLA,,1967-03-24 NCAA,73,Houston,,W 73-58,National Semi,West,200,27,62,0.435,27,62,0.435,,,,19,27,0.704,73,26,75,0.347,26,75,0.347,,,,6,16,0.375,58
North Carolina,,1967-03-24 NCAA,62,Dayton,,L 62-76,National Semi,East,200,26,72,0.361,26,72,0.361,,,,10,12,0.833,62,28,56,0.5,28,56,0.5,,,,20,31,0.645,76
Houston,,1967-03-24 NCAA,58,UCLA,,L 58-73,National Semi,Midwest,200,26,75,0.347,26,75,0.347,,,,6,16,0.375,58,27,62,0.435,27,62,0.435,,,,19,27,0.704,73
Duke,,1966-03-19 NCAA,79,Utah,,W 79-77,National 3rd,East,,34,81,0.42,34,81,0.42,,,,11,20,0.55,79,29,61,0.475,29,61,0.475,,,,19,26,0.731,77
Utah,,1966-03-19 NCAA,77,Duke,,L 77-79,National 3rd,West,,29,61,0.475,29,61,0.475,,,,19,26,0.731,77,34,81,0.42,34,81,0.42,,,,11,20,0.55,79
UTEP,,1966-03-19 NCAA,72,Kentucky,,W 72-65,National Final,Midwest,200,22,49,0.449,22,49,0.449,,,,28,34,0.824,72,27,70,0.386,27,70,0.386,,,,11,13,0.846,65
Kentucky,,1966-03-19 NCAA,65,UTEP,,L 65-72,National Final,Mideast,200,27,70,0.386,27,70,0.386,,,,11,13,0.846,65,22,49,0.449,22,49,0.449,,,,28,34,0.824,72
UTEP,,1966-03-18 NCAA,85,Utah,,W 85-78,National Semi,Midwest,,32,71,0.451,32,71,0.451,,,,21,27,0.778,85,27,66,0.409,27,66,0.409,,,,24,33,0.727,78
Kentucky,,1966-03-18 NCAA,83,Duke,,W 83-79,National Semi,Mideast,,32,66,0.485,32,66,0.485,,,,19,24,0.792,83,32,66,0.485,32,66,0.485,,,,15,19,0.789,79
Duke,,1966-03-18 NCAA,79,Kentucky,,L 79-83,National Semi,East,,32,66,0.485,32,66,0.485,,,,15,19,0.789,79,32,66,0.485,32,66,0.485,,,,19,24,0.792,83
Utah,,1966-03-18 NCAA,78,UTEP,,L 78-85,National Semi,West,,27,66,0.409,27,66,0.409,,,,24,33,0.727,78,32,71,0.451,32,71,0.451,,,,21,27,0.778,85
Princeton,,1965-03-20 NCAA,118,Wichita State,,W 118-82,National 3rd,East,,48,75,0.64,48,75,0.64,,,,22,28,0.786,118,29,66,0.439,29,66,0.439,,,,24,32,0.75,82
UCLA,,1965-03-20 NCAA,91,Michigan,,W 91-80,National Final,West,,33,58,0.569,33,58,0.569,,,,25,33,0.758,91,33,64,0.516,33,64,0.516,,,,14,17,0.824,80
Wichita St.,,1965-03-20 NCAA,82,Princeton,,L 82-118,National 3rd,Midwest,,29,66,0.439,29,66,0.439,,,,24,32,0.75,82,48,75,0.64,48,75,0.64,,,,22,28,0.786,118
Michigan,,1965-03-20 NCAA,80,UCLA,,L 80-91,National Final,Mideast,,33,64,0.516,33,64,0.516,,,,14,17,0.824,80,33,58,0.569,33,58,0.569,,,,25,33,0.758,91
UCLA,,1965-03-19 NCAA,108,Wichita State,,W 108-89,National Semi,West,,44,89,0.494,44,89,0.494,,,,20,29,0.69,108,36,75,0.48,36,75,0.48,,,,17,22,0.773,89
Michigan,,1965-03-19 NCAA,93,Princeton,,W 93-76,National Semi,Mideast,,34,71,0.479,34,71,0.479,,,,25,32,0.781,93,30,71,0.423,30,71,0.423,,,,16,22,0.727,76
Wichita State,,1965-03-19 NCAA,89,UCLA,,L 89-108,National Semi,Midwest,,36,75,0.48,36,75,0.48,,,,17,22,0.773,89,44,89,0.494,44,89,0.494,,,,20,29,0.69,108
Princeton,,1965-03-19 NCAA,76,Michigan,,L 76-93,National Semi,East,,30,71,0.423,30,71,0.423,,,,16,22,0.727,76,34,71,0.479,34,71,0.479,,,,25,32,0.781,93
Michigan,,1964-03-21 NCAA,100,Kansas State,,W 100-90,National 3rd,Mideast,,37,84,0.44,37,84,0.44,,,,26,34,0.765,100,37,79,0.468,37,79,0.468,,,,16,20,0.8,90
UCLA,,1964-03-21 NCAA,98,Duke,,W 98-83,National Final,West,,36,76,0.474,36,76,0.474,,,,26,32,0.813,98,32,72,0.444,32,72,0.444,,,,19,28,0.679,83
Kansas State,,1964-03-21 NCAA,90,Michigan,,L 90-100,National 3rd,Midwest,,37,79,0.468,37,79,0.468,,,,16,20,0.8,90,37,84,0.44,37,84,0.44,,,,26,34,0.765,100
Duke,,1964-03-21 NCAA,83,UCLA,,L 83-98,National Final,East,,32,72,0.444,32,72,0.444,,,,19,28,0.679,83,36,76,0.474,36,76,0.474,,,,26,32,0.813,98
Duke,,1964-03-20 NCAA,91,Michigan,,W 91-80,National Semi,East,,37,78,0.474,37,78,0.474,,,,17,27,0.63,91,34,71,0.479,34,71,0.479,,,,12,14,0.857,80
UCLA,,1964-03-20 NCAA,90,Kansas State,,W 90-84,National Semi,West,,36,82,0.439,36,82,0.439,,,,18,23,0.783,90,37,76,0.487,37,76,0.487,,,,10,21,0.476,84
Kansas State,,1964-03-20 NCAA,84,UCLA,,L 84-90,National Semi,Midwest,,37,76,0.487,37,76,0.487,,,,10,21,0.476,84,36,82,0.439,36,82,0.439,,,,18,23,0.783,90
Michigan,,1964-03-20 NCAA,80,Duke,,L 80-91,National Semi,Mideast,,34,71,0.479,34,71,0.479,,,,12,14,0.857,80,37,78,0.474,37,78,0.474,,,,17,27,0.63,91
Duke,,1963-03-23 NCAA,85,Oregon State,,W 85-63,National 3rd,East,200,32,65,0.492,32,65,0.492,,,,21,35,0.6,85,25,87,0.287,25,87,0.287,,,,13,17,0.765,63
Oregon State,,1963-03-23 NCAA,63,Duke,,L 63-85,National 3rd,West,200,25,87,0.287,25,87,0.287,,,,13,17,0.765,63,32,65,0.492,32,65,0.492,,,,21,35,0.6,85
Loyola (IL),,1963-03-23 NCAA,60,Cincinnati,,W 60-58 (OT),National Final,Mideast,225,23,84,0.274,23,84,0.274,,,,14,21,0.667,60,22,45,0.489,22,45,0.489,,,,14,20,0.7,58
Cincinnati,,1963-03-23 NCAA,58,Loyola (IL),,L 58-60 (OT),National Final,Midwest,225,22,45,0.489,22,45,0.489,,,,14,20,0.7,58,23,84,0.274,23,84,0.274,,,,14,21,0.667,60
Loyola (IL),,1963-03-22 NCAA,94,Duke,,W 94-75,National Semi,Mideast,200,36,71,0.507,36,71,0.507,,,,22,29,0.759,94,31,82,0.378,31,82,0.378,,,,13,22,0.591,75
Cincinnati,,1963-03-22 NCAA,80,Oregon State,,W 80-46,National Semi,Midwest,200,28,51,0.549,28,51,0.549,,,,24,39,0.615,80,17,59,0.288,17,59,0.288,,,,12,15,0.8,46
Duke,,1963-03-22 NCAA,75,Loyola (IL),,L 75-94,National Semi,East,200,31,82,0.378,31,82,0.378,,,,13,22,0.591,75,36,71,0.507,36,71,0.507,,,,22,29,0.759,94
Oregon State,,1963-03-22 NCAA,46,Cincinnati,,L 46-80,National Semi,West,200,17,59,0.288,17,59,0.288,,,,12,15,0.8,46,28,51,0.549,28,51,0.549,,,,24,39,0.615,80
Wake Forest,,1962-03-24 NCAA,82,UCLA,,W 82-80,National 3rd,East,,32,61,0.525,32,61,0.525,,,,18,25,0.72,82,29,77,0.377,29,77,0.377,,,,22,28,0.786,80
UCLA,,1962-03-24 NCAA,80,Wake Forest,,L 80-82,National 3rd,West,,29,77,0.377,29,77,0.377,,,,22,28,0.786,80,32,61,0.525,32,61,0.525,,,,18,25,0.72,82
Cincinnati,,1962-03-24 NCAA,71,Ohio State,,W 71-59,National Final,Midwest,,25,58,0.431,25,58,0.431,,,,21,28,0.75,71,24,66,0.364,24,66,0.364,,,,11,14,0.786,59
Ohio St.,,1962-03-24 NCAA,59,Cincinnati,,L 59-71,National Final,Mideast,,24,66,0.364,24,66,0.364,,,,11,14,0.786,59,25,58,0.431,25,58,0.431,,,,21,28,0.75,71
Ohio State,,1962-03-23 NCAA,84,Wake Forest,,W 84-68,National Semi,Mideast,,34,72,0.472,34,72,0.472,,,,16,22,0.727,84,25,66,0.379,25,66,0.379,,,,18,29,0.621,68
Cincinnati,,1962-03-23 NCAA,72,UCLA,,W 72-70,National Semi,Midwest,,27,58,0.466,27,58,0.466,,,,18,28,0.643,72,27,50,0.54,27,50,0.54,,,,16,20,0.8,70
UCLA,,1962-03-23 NCAA,70,Cincinnati,,L 70-72,National Semi,West,,27,50,0.54,27,50,0.54,,,,16,20,0.8,70,27,58,0.466,27,58,0.466,,,,18,28,0.643,72
Wake Forest,,1962-03-23 NCAA,68,Ohio State,,L 68-84,National Semi,East,,25,66,0.379,25,66,0.379,,,,18,29,0.621,68,34,72,0.472,34,72,0.472,,,,16,22,0.727,84
Saint Joseph's,,1961-03-25 NCAA,127,Utah,,W 127-120 (4OT),National 3rd,East,,45,101,0.446,45,101,0.446,,,,37,42,0.881,127,50,103,0.485,50,103,0.485,,,,20,34,0.588,120
Utah,,1961-03-25 NCAA,120,Saint Joseph's,,L 120-127 (4OT),National 3rd,West,,50,103,0.485,50,103,0.485,,,,20,34,0.588,120,45,101,0.446,45,101,0.446,,,,37,42,0.881,127
Cincinnati,,1961-03-25 NCAA,70,Ohio State,,W 70-65 (OT),National Final,Midwest,,29,64,0.453,29,64,0.453,,,,12,19,0.632,70,25,50,0.5,25,50,0.5,,,,15,16,0.938,65
Ohio State,,1961-03-25 NCAA,65,Cincinnati,,L 65-70 (OT),National Final,Mideast,,25,50,0.5,25,50,0.5,,,,15,16,0.938,65,29,64,0.453,29,64,0.453,,,,12,19,0.632,70
Ohio St.,,1961-03-24 NCAA,95,Saint Joseph's,,W 95-69,National Semi,Mideast,,38,60,0.633,38,60,0.633,,,,19,25,0.76,95,22,76,0.289,22,76,0.289,,,,25,30,0.833,69
Cincinnati,,1961-03-24 NCAA,82,Utah,,W 82-67,National Semi,Midwest,,30,59,0.508,30,59,0.508,,,,22,32,0.688,82,27,67,0.403,27,67,0.403,,,,13,18,0.722,67
Saint Joseph's,,1961-03-24 NCAA,69,Ohio State,,L 69-95,National Semi,East,,22,76,0.289,22,76,0.289,,,,25,30,0.833,69,38,60,0.633,38,60,0.633,,,,19,25,0.76,95
Utah,,1961-03-24 NCAA,67,Cincinnati,,L 67-82,National Semi,West,,27,67,0.403,27,67,0.403,,,,13,18,0.722,67,30,59,0.508,30,59,0.508,,,,22,32,0.688,82
Cincinnati,,1960-03-19 NCAA,95,NYU,,W 95-71,National 3rd,Midwest,,40,75,0.533,40,75,0.533,,,,15,24,0.625,95,28,71,0.394,28,71,0.394,,,,15,20,0.75,71
Ohio St.,,1960-03-19 NCAA,75,California,,W 75-55,National Final,Mideast,,31,46,0.674,31,46,0.674,,,,13,19,0.684,75,20,59,0.339,20,59,0.339,,,,15,18,0.833,55
NYU,,1960-03-19 NCAA,71,Cincinnati,,L 71-95,National 3rd,East,,28,71,0.394,28,71,0.394,,,,15,20,0.75,71,40,75,0.533,40,75,0.533,,,,15,24,0.625,95
Cal,,1960-03-19 NCAA,55,Ohio State,,L 55-75,National Final,West,,20,59,0.339,20,59,0.339,,,,15,18,0.833,55,31,46,0.674,31,46,0.674,,,,13,19,0.684,75
California,,1960-03-18 NCAA,77,Cincinnati,,W 77-69,National Semi,West,,26,61,0.426,26,61,0.426,,,,25,32,0.781,77,26,58,0.448,26,58,0.448,,,,17,23,0.739,69
Ohio St.,,1960-03-18 NCAA,76,NYU,,W 76-54,National Semi,Mideast,,31,60,0.517,31,60,0.517,,,,14,16,0.875,76,21,74,0.284,21,74,0.284,,,,12,20,0.6,54
Cincinnati,,1960-03-18 NCAA,69,California,,L 69-77,National Semi,Midwest,,26,58,0.448,26,58,0.448,,,,17,23,0.739,69,26,61,0.426,26,61,0.426,,,,25,32,0.781,77
NYU,,1960-03-18 NCAA,54,Ohio State,,L 54-76,National Semi,East,,21,74,0.284,21,74,0.284,,,,12,20,0.6,54,31,60,0.517,31,60,0.517,,,,14,16,0.875,76
Cincinnati,,1959-03-21 NCAA,98,Louisville,,W 98-85,National 3rd,Midwest,200,36,77,0.468,36,77,0.468,,,,26,38,0.684,98,31,72,0.431,31,72,0.431,,,,23,26,0.885,85
Louisville,,1959-03-21 NCAA,85,Cincinnati,,L 85-98,National 3rd,Mideast,,31,72,0.431,31,72,0.431,,,,23,26,0.885,85,36,77,0.468,36,77,0.468,,,,26,38,0.684,98
California,,1959-03-21 NCAA,71,West Virginia,,W 71-70,National Final,West,,29,66,0.439,29,66,0.439,,,,13,18,0.722,71,25,55,0.455,25,55,0.455,,,,20,27,0.741,70
West Virginia,,1959-03-21 NCAA,70,California,,L 70-71,National Final,East,,25,55,0.455,25,55,0.455,,,,20,27,0.741,70,29,66,0.439,29,66,0.439,,,,13,18,0.722,71
West Virginia,,1959-03-20 NCAA,94,Louisville,,W 94-79,National Semi,East,,35,66,0.53,35,66,0.53,,,,24,37,0.649,94,31,69,0.449,31,69,0.449,,,,17,21,0.81,79
Louisville,,1959-03-20 NCAA,79,West Virginia,,L 79-94,National Semi,Mideast,,31,69,0.449,31,69,0.449,,,,17,21,0.81,79,35,66,0.53,35,66,0.53,,,,24,37,0.649,94
California,,1959-03-20 NCAA,64,Cincinnati,,W 64-58,National Semi,West,,26,73,0.356,26,73,0.356,,,,12,21,0.571,64,22,56,0.393,22,56,0.393,,,,14,22,0.636,58
Cincinnati,,1959-03-20 NCAA,58,California,,L 58-64,National Semi,Midwest,200,22,56,0.393,22,56,0.393,,,,14,22,0.636,58,26,73,0.356,26,73,0.356,,,,12,21,0.571,64
Kentucky,,1958-03-22 NCAA,84,Seattle,,W 84-72,National Final,Mideast,,30,73,0.411,30,73,0.411,,,,24,36,0.667,84,25,69,0.362,25,69,0.362,,,,22,30,0.733,72
Seattle,,1958-03-22 NCAA,72,Kentucky,,L 72-84,National Final,West,,25,69,0.362,25,69,0.362,,,,22,30,0.733,72,30,73,0.411,30,73,0.411,,,,24,36,0.667,84
Temple,,1958-03-22 NCAA,67,Kansas State,,W 67-57,National 3rd,East,,23,66,0.348,23,66,0.348,,,,21,31,0.677,67,20,71,0.282,20,71,0.282,,,,17,26,0.654,57
Kansas State,,1958-03-22 NCAA,57,Temple,,L 57-67,National 3rd,Midwest,,20,71,0.282,20,71,0.282,,,,17,26,0.654,57,23,66,0.348,23,66,0.348,,,,21,31,0.677,67
Seattle,,1958-03-21 NCAA,73,Kansas State,,W 73-51,National Semi,West,,26,57,0.456,26,57,0.456,,,,21,28,0.75,73,21,66,0.318,21,66,0.318,,,,9,17,0.529,51
Kentucky,,1958-03-21 NCAA,61,Temple,,W 61-60,National Semi,Mideast,,19,63,0.302,19,63,0.302,,,,23,28,0.821,61,25,61,0.41,25,61,0.41,,,,10,20,0.5,60
Temple,,1958-03-21 NCAA,60,Kentucky,,L 60-61,National Semi,East,,25,61,0.41,25,61,0.41,,,,10,20,0.5,60,19,63,0.302,19,63,0.302,,,,23,28,0.821,61
Kansas State,,1958-03-21 NCAA,51,Seattle,,L 51-73,National Semi,Midwest,,21,66,0.318,21,66,0.318,,,,9,17,0.529,51,26,57,0.456,26,57,0.456,,,,21,28,0.75,73
San Francisco,,1957-03-23 NCAA,67,Michigan State,,W 67-60,National 3rd,West,,24,62,0.387,24,62,0.387,,,,19,31,0.613,67,23,63,0.365,23,63,0.365,,,,14,21,0.667,60
Michigan State,,1957-03-23 NCAA,60,San Francisco,,L 60-67,National 3rd,Mideast,,23,63,0.365,23,63,0.365,,,,14,21,0.667,60,24,62,0.387,24,62,0.387,,,,19,31,0.613,67
North Carolina,,1957-03-23 NCAA,54,Kansas,,W 54-53 (3OT),National Final,East,,21,45,0.467,21,45,0.467,,,,12,22,0.545,54,15,47,0.319,15,47,0.319,,,,23,33,0.697,53
Kansas,,1957-03-23 NCAA,53,North Carolina,,L 53-54 (3OT),National Final,Midwest,,15,47,0.319,15,47,0.319,,,,23,33,0.697,53,21,45,0.467,21,45,0.467,,,,12,22,0.545,54
Kansas,,1957-03-22 NCAA,80,San Francisco,,W 80-56,National Semi,Midwest,,34,57,0.596,34,57,0.596,,,,12,19,0.632,80,23,71,0.324,23,71,0.324,,,,10,16,0.625,56
UNC,,1957-03-22 NCAA,74,Michigan State,,W 74-70 (3OT),National Semi,East,,28,89,0.315,28,89,0.315,,,,18,26,0.692,74,23,80,0.288,23,80,0.288,,,,24,36,0.667,70
Michigan State,,1957-03-22 NCAA,70,North Carolina,,L 70-74 (3OT),National Semi,Mideast,,23,80,0.288,23,80,0.288,,,,24,36,0.667,70,28,89,0.315,28,89,0.315,,,,18,26,0.692,74
San Francisco,,1957-03-22 NCAA,56,Kansas,,L 56-80,National Semi,West,,23,71,0.324,23,71,0.324,,,,10,16,0.625,56,34,57,0.596,34,57,0.596,,,,12,19,0.632,80
Temple,,1956-03-23 NCAA,90,SMU,,W 90-81,National 3rd,East,,35,82,0.427,35,82,0.427,,,,20,25,0.8,90,27,69,0.391,27,69,0.391,,,,27,32,0.844,81
San Francisco,,1956-03-23 NCAA,83,Iowa,,W 83-71,National Final,Far West,,35,87,0.402,35,87,0.402,,,,13,15,0.867,83,26,79,0.329,26,79,0.329,,,,19,24,0.792,71
SMU,,1956-03-23 NCAA,81,Temple,,L 81-90,National 3rd,West,,27,69,0.391,27,69,0.391,,,,27,32,0.844,81,35,82,0.427,35,82,0.427,,,,20,25,0.8,90
Iowa,,1956-03-23 NCAA,71,San Francisco,,L 71-83,National Final,Midwest,,26,79,0.329,26,79,0.329,,,,19,24,0.792,71,35,87,0.402,35,87,0.402,,,,13,15,0.867,83
San Francisco,,1956-03-22 NCAA,86,SMU,,W 86-68,National Semi,Far West,,38,82,0.463,38,82,0.463,,,,10,18,0.556,86,25,69,0.362,25,69,0.362,,,,18,28,0.643,68
Iowa,,1956-03-22 NCAA,83,Temple,,W 83-76,National Semi,Midwest,,29,70,0.414,29,70,0.414,,,,25,38,0.658,83,35,88,0.398,35,88,0.398,,,,6,17,0.353,76
Temple,,1956-03-22 NCAA,76,Iowa,,L 76-83,National Semi,East,,35,88,0.398,35,88,0.398,,,,6,17,0.353,76,29,70,0.414,29,70,0.414,,,,25,38,0.658,83
SMU,,1956-03-22 NCAA,68,San Francisco,,L 68-86,National Semi,West,,25,69,0.362,25,69,0.362,,,,18,28,0.643,68,38,82,0.463,38,82,0.463,,,,10,18,0.556,86
San Francisco,,1955-03-19 NCAA,77,La Salle,,W 77-63,National Final,West,,31,73,0.425,31,73,0.425,,,,15,20,0.75,77,24,68,0.353,24,68,0.353,,,,15,23,0.652,63
Colorado,,1955-03-19 NCAA,75,Iowa,,W 75-54,National 3rd,West,,23,,,23,,,,,,29,40,0.725,75,16,,,16,,,,,,22,29,0.759,54
La Salle,,1955-03-19 NCAA,63,San Francisco,,L 63-77,National Final,East,,24,68,0.353,24,68,0.353,,,,15,23,0.652,63,31,73,0.425,31,73,0.425,,,,15,20,0.75,77
Iowa,,1955-03-19 NCAA,54,Colorado,,L 54-75,National 3rd,East,,16,,,16,,,,,,22,29,0.759,54,23,,,23,,,,,,29,40,0.725,75
La Salle,,1955-03-18 NCAA,76,Iowa,,W 76-73,National Semi,East,,26,66,0.394,26,66,0.394,,,,24,29,0.828,76,25,75,0.333,25,75,0.333,,,,23,32,0.719,73
Iowa,,1955-03-18 NCAA,73,La Salle,,L 73-76,National Semi,East,,25,75,0.333,25,75,0.333,,,,23,32,0.719,73,26,66,0.394,26,66,0.394,,,,24,29,0.828,76
San Francisco,,1955-03-18 NCAA,62,Colorado,,W 62-50,National Semi,West,,22,43,0.512,22,43,0.512,,,,18,28,0.643,62,14,49,0.286,14,49,0.286,,,,22,30,0.733,50
Colorado,,1955-03-18 NCAA,50,San Francisco,,L 50-62,National Semi,West,,14,49,0.286,14,49,0.286,,,,22,30,0.733,50,22,43,0.512,22,43,0.512,,,,18,28,0.643,62
La Salle,,1954-03-20 NCAA,92,Bradley,,W 92-76,National Final,East,,37,91,0.407,37,91,0.407,,,,18,24,0.75,92,22,80,0.275,22,80,0.275,,,,32,44,0.727,76
Bradley,,1954-03-20 NCAA,76,La Salle,,L 76-92,National Final,West,,22,80,0.275,22,80,0.275,,,,32,44,0.727,76,37,91,0.407,37,91,0.407,,,,18,24,0.75,92
Penn State,,1954-03-20 NCAA,70,USC,,W 70-61,National 3rd,East,,27,66,0.409,27,66,0.409,,,,16,23,0.696,70,17,50,0.34,17,50,0.34,,,,27,37,0.73,61
USC,,1954-03-20 NCAA,61,Penn State,,L 61-70,National 3rd,West,,17,50,0.34,17,50,0.34,,,,27,37,0.73,61,27,66,0.409,27,66,0.409,,,,16,23,0.696,70
Bradley,,1954-03-19 NCAA,74,USC,,W 74-72,National Semi,West,,25,,,25,,,,,,24,32,0.75,74,27,,,27,,,,,,18,26,0.692,72
USC,,1954-03-19 NCAA,72,Bradley,,L 72-74,National Semi,West,,27,,,27,,,,,,18,26,0.692,72,25,,,25,,,,,,24,32,0.75,74
La Salle,,1954-03-19 NCAA,69,Penn State,,W 69-54,National Semi,East,,24,54,0.444,24,54,0.444,,,,21,32,0.656,69,20,79,0.253,20,79,0.253,,,,14,24,0.583,54
Penn State,,1954-03-19 NCAA,54,La Salle,,L 54-69,National Semi,East,,20,79,0.253,20,79,0.253,,,,14,24,0.583,54,24,54,0.444,24,54,0.444,,,,21,32,0.656,69
Washington,,1953-03-18 NCAA,88,LSU,,W 88-69,National 3rd,West,,34,,,34,,,,,,20,28,0.714,88,27,,,27,,,,,,15,18,0.833,69
Indiana,,1953-03-18 NCAA,69,Kansas,,W 69-68,National Final,East,,25,69,0.362,25,69,0.362,,,,19,28,0.679,69,21,65,0.323,21,65,0.323,,,,26,33,0.788,68
LSU,,1953-03-18 NCAA,69,Washington,,L 69-88,National 3rd,East,,27,,,27,,,,,,15,18,0.833,69,34,,,34,,,,,,20,28,0.714,88
Kansas,,1953-03-18 NCAA,68,Indiana,,L 68-69,National Final,West,,21,65,0.323,21,65,0.323,,,,26,33,0.788,68,25,69,0.362,25,69,0.362,,,,19,28,0.679,69
Indiana,,1953-03-17 NCAA,80,LSU,,W 80-67,National Semi,East,,25,53,0.472,25,53,0.472,,,,30,42,0.714,80,22,70,0.314,22,70,0.314,,,,23,44,0.523,67
Kansas,,1953-03-17 NCAA,79,Washington,,W 79-53,National Semi,West,,30,70,0.429,30,70,0.429,,,,19,30,0.633,79,19,62,0.306,19,62,0.306,,,,15,28,0.536,53
LSU,,1953-03-17 NCAA,67,Indiana,,L 67-80,National Semi,East,,22,70,0.314,22,70,0.314,,,,23,44,0.523,67,25,53,0.472,25,53,0.472,,,,30,42,0.714,80
Washington,,1953-03-17 NCAA,53,Kansas,,L 53-79,National Semi,West,,19,62,0.306,19,62,0.306,,,,15,28,0.536,53,30,70,0.429,30,70,0.429,,,,19,30,0.633,79
Kansas,,1952-03-26 NCAA,80,St. John's (NY),,W 80-63,National Final,West,,28,63,0.444,28,63,0.444,,,,24,35,0.686,80,25,55,0.455,25,55,0.455,,,,13,27,0.481,63
Illinois,,1952-03-26 NCAA,67,Santa Clara,,W 67-64,National 3rd,East,,22,,,22,,,,,,23,32,0.719,67,22,,,22,,,,,,20,22,0.909,64
Santa Clara,,1952-03-26 NCAA,64,Illinois,,L 64-67,National 3rd,West,,22,,,22,,,,,,20,22,0.909,64,22,,,22,,,,,,23,32,0.719,67
St. John's (NY),,1952-03-26 NCAA,63,Kansas,,L 63-80,National Final,East,,25,55,0.455,25,55,0.455,,,,13,27,0.481,63,28,63,0.444,28,63,0.444,,,,24,35,0.686,80
Kansas,,1952-03-25 NCAA,74,Santa Clara,,W 74-55,National Semi,West,,27,56,0.482,27,56,0.482,,,,20,28,0.714,74,23,65,0.354,23,65,0.354,,,,9,12,0.75,55
St. John's (NY),,1952-03-25 NCAA,61,Illinois,,W 61-59,National Semi,East,,23,,,23,,,,,,15,20,0.75,61,25,,,25,,,,,,9,24,0.375,59
Illinois,,1952-03-25 NCAA,59,St. John's (NY),,L 59-61,National Semi,East,,25,,,25,,,,,,9,24,0.375,59,23,,,23,,,,,,15,20,0.75,61
Santa Clara,,1952-03-25 NCAA,55,Kansas,,L 55-74,National Semi,West,,23,65,0.354,23,65,0.354,,,,9,12,0.75,55,27,56,0.482,27,56,0.482,,,,20,28,0.714,74
Kentucky,,1951-03-27 NCAA,68,Kansas State,,W 68-58,National Final,East,,28,69,0.406,28,69,0.406,,,,12,24,0.5,68,23,80,0.288,23,80,0.288,,,,12,18,0.667,58
Illinois,,1951-03-27 NCAA,61,Oklahoma State,,W 61-46,National 3rd,East,,16,57,0.281,16,57,0.281,,,,29,36,0.806,61,18,71,0.254,18,71,0.254,,,,10,19,0.526,46
Kansas State,,1951-03-27 NCAA,58,Kentucky,,L 58-68,National Final,West,,23,80,0.288,23,80,0.288,,,,12,18,0.667,58,28,69,0.406,28,69,0.406,,,,12,24,0.5,68
Oklahoma State,,1951-03-27 NCAA,46,Illinois,,L 46-61,National 3rd,West,,18,71,0.254,18,71,0.254,,,,10,19,0.526,46,16,57,0.281,16,57,0.281,,,,29,36,0.806,61
Kentucky,,1951-03-24 NCAA,76,Illinois,,W 76-74,National Semi,East,,32,91,0.352,32,91,0.352,,,,12,21,0.571,76,26,70,0.371,26,70,0.371,,,,22,35,0.629,74
Illinois,,1951-03-24 NCAA,74,Kentucky,,L 74-76,National Semi,East,,26,70,0.371,26,70,0.371,,,,22,35,0.629,74,32,91,0.352,32,91,0.352,,,,12,21,0.571,76
Kansas State,,1951-03-24 NCAA,68,Oklahoma State,,W 68-44,National Semi,West,,26,54,0.481,26,54,0.481,,,,16,27,0.593,68,16,52,0.308,16,52,0.308,,,,12,14,0.857,44
Oklahoma State,,1951-03-24 NCAA,44,Kansas State,,L 44-68,National Semi,West,,16,52,0.308,16,52,0.308,,,,12,14,0.857,44,26,54,0.481,26,54,0.481,,,,16,27,0.593,68
CCNY,,1950-03-28 NCAA,71,Bradley,,W 71-68,National Final,East,,26,64,0.406,26,64,0.406,,,,19,35,0.543,71,27,74,0.365,27,74,0.365,,,,14,21,0.667,68
Bradley,,1950-03-28 NCAA,68,CCNY,,L 68-71,National Final,West,,27,74,0.365,27,74,0.365,,,,14,21,0.667,68,26,64,0.406,26,64,0.406,,,,19,35,0.543,71
NC State,,1950-03-28 NCAA,53,Baylor,,W 53-41,National 3rd,East,,15,77,0.195,15,77,0.195,,,,23,35,0.657,53,16,60,0.267,16,60,0.267,,,,9,20,0.45,41
Baylor,,1950-03-28 NCAA,41,NC State,,L 41-53,National 3rd,West,,16,60,0.267,16,60,0.267,,,,9,20,0.45,41,15,77,0.195,15,77,0.195,,,,23,35,0.657,53
CCNY,,1950-03-25 NCAA,78,NC State,,W 78-73,National Semi,East,,30,81,0.37,30,81,0.37,,,,18,31,0.581,78,26,68,0.382,26,68,0.382,,,,21,31,0.677,73
NC State,,1950-03-25 NCAA,73,CCNY,,L 73-78,National Semi,East,,26,68,0.382,26,68,0.382,,,,21,31,0.677,73,30,81,0.37,30,81,0.37,,,,18,31,0.581,78
Bradley,,1950-03-25 NCAA,68,Baylor,,W 68-66,National Semi,West,,25,68,0.368,25,68,0.368,,,,18,25,0.72,68,24,61,0.393,24,61,0.393,,,,18,21,0.857,66
Baylor,,1950-03-25 NCAA,66,Bradley,,L 66-68,National Semi,West,,24,61,0.393,24,61,0.393,,,,18,21,0.857,66,25,68,0.368,25,68,0.368,,,,18,25,0.72,68
Illinois,,1949-03-26 NCAA,57,Oregon State,,W 57-53,National 3rd,East,,23,,,23,,,,,,11,23,0.478,57,19,,,19,,,,,,15,25,0.6,53
Oregon State,,1949-03-26 NCAA,53,Illinois,,L 53-57,National 3rd,West,,19,,,19,,,,,,15,25,0.6,53,23,,,23,,,,,,11,23,0.478,57
Kentucky,,1949-03-26 NCAA,46,Oklahoma State,,W 46-36,National Final,East,,16,,,16,,,,,,14,19,0.737,46,9,,,9,,,,,,18,24,0.75,36
Oklahoma State,,1949-03-26 NCAA,36,Kentucky,,L 36-46,National Final,West,,9,,,9,,,,,,18,24,0.75,36,16,,,16,,,,,,14,19,0.737,46
Kentucky,,1949-03-22 NCAA,76,Illinois,,W 76-47,National Semi,East,,31,,,31,,,,,,14,22,0.636,76,19,69,0.275,19,69,0.275,,,,9,14,0.643,47
Illinois,,1949-03-22 NCAA,47,Kentucky,,L 47-76,National Semi,East,,19,69,0.275,19,69,0.275,,,,9,14,0.643,47,31,,,31,,,,,,14,22,0.636,76
Oklahoma State,,1949-03-19 NCAA,55,Oregon State,,W 55-30,National Semi,West,,17,,,17,,,,,,21,24,0.875,55,11,,,11,,,,,,8,15,0.533,30
Oregon State,,1949-03-19 NCAA,30,Oklahoma State,,L 30-55,National Semi,West,,11,,,11,,,,,,8,15,0.533,30,17,,,17,,,,,,21,24,0.875,55
Holy Cross,,1948-03-23 NCAA,60,Kansas State,,W 60-54,National 3rd,East,,26,,,26,,,,,,8,13,0.615,60,20,,,20,,,,,,14,26,0.538,54
Kentucky,,1948-03-23 NCAA,58,Baylor,,W 58-42,National Final,East,,23,,,23,,,,,,12,19,0.632,58,15,,,15,,,,,,12,24,0.5,42
Kansas State,,1948-03-23 NCAA,54,Holy Cross,,L 54-60,National 3rd,West,,20,,,20,,,,,,14,26,0.538,54,26,,,26,,,,,,8,13,0.615,60
Baylor,,1948-03-23 NCAA,42,Kentucky,,L 42-58,National Final,West,,15,,,15,,,,,,12,24,0.5,42,23,,,23,,,,,,12,19,0.632,58
Baylor,,1948-03-20 NCAA,60,Kansas State,,W 60-52,National Semi,West,,20,,,20,,,,,,20,25,0.8,60,15,,,15,,,,,,22,26,0.846,52
Kentucky,,1948-03-20 NCAA,60,Holy Cross,,W 60-52,National Semi,East,,25,,,25,,,,,,10,16,0.625,60,19,,,19,,,,,,14,17,0.824,52
Holy Cross,,1948-03-20 NCAA,52,Kentucky,,L 52-60,National Semi,East,,19,,,19,,,,,,14,17,0.824,52,25,,,25,,,,,,10,16,0.625,60
Kansas State,,1948-03-20 NCAA,52,Baylor,,L 52-60,National Semi,West,,15,,,15,,,,,,22,26,0.846,52,20,,,20,,,,,,20,25,0.8,60
Holy Cross,,1947-03-25 NCAA,58,Oklahoma,,W 58-47,National Final,East,,22,76,0.289,22,76,0.289,,,,14,19,0.737,58,15,,,15,,,,,,17,21,0.81,47
Texas,,1947-03-25 NCAA,54,CCNY,,W 54-50,National 3rd,West,,22,,,22,,,,,,10,21,0.476,54,21,,,21,,,,,,8,18,0.444,50
CCNY,,1947-03-25 NCAA,50,Texas,,L 50-54,National 3rd,East,,21,,,21,,,,,,8,18,0.444,50,22,,,22,,,,,,10,21,0.476,54
Oklahoma,,1947-03-25 NCAA,47,Holy Cross,,L 47-58,National Final,West,,15,,,15,,,,,,17,21,0.81,47,22,76,0.289,22,76,0.289,,,,14,19,0.737,58
Holy Cross,,1947-03-22 NCAA,60,CCNY,,W 60-45,National Semi,East,,21,90,0.233,21,90,0.233,,,,18,29,0.621,60,16,,,16,,,,,,13,20,0.65,45
Oklahoma,,1947-03-22 NCAA,55,Texas,,W 55-54,National Semi,West,,21,,,21,,,,,,13,17,0.765,55,21,,,21,,,,,,12,14,0.857,54
Texas,,1947-03-22 NCAA,54,Oklahoma,,L 54-55,National Semi,West,,21,,,21,,,,,,12,14,0.857,54,21,,,21,,,,,,13,17,0.765,55
CCNY,,1947-03-22 NCAA,45,Holy Cross,,L 45-60,National Semi,East,,16,,,16,,,,,,13,20,0.65,45,21,90,0.233,21,90,0.233,,,,18,29,0.621,60
Ohio State,,1946-03-26 NCAA,63,California,,W 63-45,National 3rd,East,,23,,,23,,,,,,17,22,0.773,63,17,,,17,,,,,,11,17,0.647,45
California,,1946-03-26 NCAA,45,Ohio State,,L 45-63,National 3rd,West,,17,,,17,,,,,,11,17,0.647,45,23,,,23,,,,,,17,22,0.773,63
Oklahoma State,,1946-03-26 NCAA,43,North Carolina,,W 43-40,National Final,West,,16,,,16,,,,,,11,22,0.5,43,13,,,13,,,,,,14,21,0.667,40
North Carolina,,1946-03-26 NCAA,40,Oklahoma State,,L 40-43,National Final,East,,13,,,13,,,,,,14,21,0.667,40,16,,,16,,,,,,11,22,0.5,43
UNC,,1946-03-23 NCAA,60,Ohio State,,W 60-57 (OT),National Semi,East,,23,,,23,,,,,,14,29,0.483,60,19,,,19,,,,,,19,30,0.633,57
Ohio State,,1946-03-23 NCAA,57,North Carolina,,L 57-60 (OT),National Semi,East,,19,,,19,,,,,,19,30,0.633,57,23,,,23,,,,,,14,29,0.483,60
Oklahoma State,,1946-03-23 NCAA,52,California,,W 52-35,National Semi,West,,20,,,20,,,,,,12,14,0.857,52,14,,,14,,,,,,7,12,0.583,35
Cal,,1946-03-23 NCAA,35,Oklahoma State,,L 35-52,National Semi,West,,14,,,14,,,,,,7,12,0.583,35,20,,,20,,,,,,12,14,0.857,52
Oklahoma State,,1945-03-27 NCAA,49,NYU,,W 49-45,National Final,West,,22,,,22,,,,,,5,15,0.333,49,17,,,17,,,,,,11,17,0.647,45
NYU,,1945-03-27 NCAA,45,Oklahoma State,,L 45-49,National Final,East,,17,,,17,,,,,,11,17,0.647,45,22,,,22,,,,,,5,15,0.333,49
NYU,,1945-03-24 NCAA,70,Ohio State,,W 70-65 (OT),National Semi,East,,27,,,27,,,,,,16,27,0.593,70,23,,,23,,,,,,19,31,0.613,65
Oklahoma State,,1945-03-24 NCAA,68,Arkansas,,W 68-41,National Semi,West,,27,,,27,,,,,,14,20,0.7,68,16,,,16,,,,,,9,13,0.692,41
Ohio State,,1945-03-24 NCAA,65,NYU,,L 65-70 (OT),National Semi,East,,23,,,23,,,,,,19,31,0.613,65,27,,,27,,,,,,16,27,0.593,70
Arkansas,,1945-03-24 NCAA,41,Oklahoma State,,L 41-68,National Semi,West,,16,,,16,,,,,,9,13,0.692,41,27,,,27,,,,,,14,20,0.7,68
Utah,,1944-03-28 NCAA,42,Dartmouth,,W 42-40 (OT),National Final,West,225,16,72,0.222,16,72,0.222,,,,10,14,0.714,42,19,76,0.25,19,76,0.25,,,,2,5,0.4,40
Dartmouth,,1944-03-28 NCAA,40,Utah,,L 40-42 (OT),National Final,East,225,19,76,0.25,19,76,0.25,,,,2,5,0.4,40,16,72,0.222,16,72,0.222,,,,10,14,0.714,42
Dartmouth,,1944-03-25 NCAA,60,Ohio State,,W 60-53,National Semi,East,200,27,,,27,,,,,,6,11,0.545,60,22,,,22,,,,,,9,15,0.6,53
Ohio State,,1944-03-25 NCAA,53,Dartmouth,,L 53-60,National Semi,East,200,22,,,22,,,,,,9,15,0.6,53,27,,,27,,,,,,6,11,0.545,60
Utah,,1944-03-25 NCAA,40,Iowa State,,W 40-31,National Semi,West,,17,,,17,,,,,,6,,,40,13,,,13,,,,,,5,,,31
Iowa State,,1944-03-25 NCAA,31,Utah,,L 31-40,National Semi,West,,13,,,13,,,,,,5,,,31,17,,,17,,,,,,6,,,40
Wyoming,,1943-03-30 NCAA,46,Georgetown,,W 46-34,National Final,West,,19,,,19,,,,,,8,18,0.444,46,14,,,14,,,,,,6,14,0.429,34
Georgetown,,1943-03-30 NCAA,34,Wyoming,,L 34-46,National Final,East,,14,,,14,,,,,,6,14,0.429,34,19,,,19,,,,,,8,18,0.444,46
Wyoming,,1943-03-27 NCAA,58,Texas,,W 58-54,National Semi,West,,24,,,24,,,,,,10,19,0.526,58,20,,,20,,,,,,14,23,0.609,54
Texas,,1943-03-27 NCAA,54,Wyoming,,L 54-58,National Semi,West,,20,,,20,,,,,,14,23,0.609,54,24,,,24,,,,,,10,19,0.526,58
Georgetown,,1943-03-25 NCAA,53,DePaul,,W 53-49,National Semi,East,,20,,,20,,,,,,13,17,0.765,53,19,,,19,,,,,,11,16,0.688,49
DePaul,,1943-03-25 NCAA,49,Georgetown,,L 49-53,National Semi,East,,19,,,19,,,,,,11,16,0.688,49,20,,,20,,,,,,13,17,0.765,53
Stanford,,1942-03-28 NCAA,53,Dartmouth,,W 53-38,National Final,West,200,24,,,24,,,,,,5,8,0.625,53,17,,,17,,,,,,4,6,0.667,38
Dartmouth,,1942-03-28 NCAA,38,Stanford,,L 38-53,National Final,East,200,17,,,17,,,,,,4,6,0.667,38,24,,,24,,,,,,5,8,0.625,53
Dartmouth,,1942-03-21 NCAA,47,Kentucky,,W 47-28,National Semi,East,,20,,,20,,,,,,7,16,0.438,47,10,,,10,,,,,,8,13,0.615,28
Stanford,,1942-03-21 NCAA,46,Colorado,,W 46-35,National Semi,West,,19,,,19,,,,,,8,13,0.615,46,13,,,13,,,,,,9,11,0.818,35
Colorado,,1942-03-21 NCAA,35,Stanford,,L 35-46,National Semi,West,,13,,,13,,,,,,9,11,0.818,35,19,,,19,,,,,,8,13,0.615,46
Kentucky,,1942-03-21 NCAA,28,Dartmouth,,L 28-47,National Semi,East,,10,,,10,,,,,,8,13,0.615,28,20,,,20,,,,,,7,16,0.438,47
Wisconsin,,1941-03-29 NCAA,39,Washington State,,W 39-34,National Final,East,,16,,,16,,,,,,7,10,0.7,39,14,,,14,,,,,,6,12,0.5,34
Washington State,,1941-03-29 NCAA,34,Wisconsin,,L 34-39,National Final,West,,14,,,14,,,,,,6,12,0.5,34,16,,,16,,,,,,7,10,0.7,39
Washington State,,1941-03-22 NCAA,64,Arkansas,,W 64-53,National Semi,West,,26,,,26,,,,,,12,19,0.632,64,21,,,21,,,,,,11,22,0.5,53
Arkansas,,1941-03-22 NCAA,53,Washington State,,L 53-64,National Semi,West,,21,,,21,,,,,,11,22,0.5,53,26,,,26,,,,,,12,19,0.632,64
Wisconsin,,1941-03-22 NCAA,36,Pittsburgh,,W 36-30,National Semi,East,,10,,,10,,,,,,16,21,0.762,36,12,,,12,,,,,,6,7,0.857,30
Pittsburgh,,1941-03-22 NCAA,30,Wisconsin,,L 30-36,National Semi,East,,12,,,12,,,,,,6,7,0.857,30,10,,,10,,,,,,16,21,0.762,36
Indiana,,1940-03-30 NCAA,60,Kansas,,W 60-42,National Final,East,,26,,,26,,,,,,8,11,0.727,60,15,,,15,,,,,,12,20,0.6,42
Kansas,,1940-03-30 NCAA,42,Indiana,,L 42-60,National Final,West,,15,,,15,,,,,,12,20,0.6,42,26,,,26,,,,,,8,11,0.727,60
Kansas,,1940-03-23 NCAA,43,USC,,W 43-42,National Semi,West,,16,,,16,,,,,,11,19,0.579,43,18,,,18,,,,,,6,13,0.462,42
USC,,1940-03-23 NCAA,42,Kansas,,L 42-43,National Semi,West,,18,,,18,,,,,,6,13,0.462,42,16,,,16,,,,,,11,19,0.579,43
Indiana,,1940-03-23 NCAA,39,Duquesne,,W 39-30,National Semi,East,200,13,56,0.232,13,56,0.232,,,,13,19,0.684,39,11,47,0.234,11,47,0.234,,,,8,17,0.471,30
Duquesne,,1940-03-23 NCAA,30,Indiana,,L 30-39,National Semi,East,200,11,47,0.234,11,47,0.234,,,,8,17,0.471,30,13,56,0.232,13,56,0.232,,,,13,19,0.684,39
Oregon,,1939-03-27 NCAA,46,Ohio State,,W 46-33,National Final,West,,17,,,17,,,,,,12,16,0.75,46,14,,,14,,,,,,5,10,0.5,33
Ohio State,,1939-03-27 NCAA,33,Oregon,,L 33-46,National Final,East,,14,,,14,,,,,,5,10,0.5,33,17,,,17,,,,,,12,16,0.75,46
Oregon,,1939-03-21 NCAA,55,Oklahoma,,W 55-37,National Semi,West,,19,,,19,,,,,,17,22,0.773,55,14,,,14,,,,,,9,13,0.692,37
Oklahoma,,1939-03-21 NCAA,37,Oregon,,L 37-55,National Semi,West,,14,,,14,,,,,,9,13,0.692,37,19,,,19,,,,,,17,22,0.773,55
Ohio State,,1939-03-18 NCAA,53,Villanova,,W 53-36,National Semi,East,,21,,,21,,,,,,11,15,0.733,53,15,,,15,,,,,,6,13,0.462,36
Villanova,,1939-03-18 NCAA,36,Ohio State,,L 36-53,National Semi,East,,15,,,15,,,,,,6,13,0.462,36,21,,,21,,,,,,11,15,0.733,53